iso3,year,country,region,A01a_bin,A01a_cat,A01b_bin,A01b_cat,A02a_bin,A02a_cat,A02b_bin,A02b_cat,A03a_bin,A03a_cat,A03b_bin,A03b_cat,A04_bin,A04_cat,A05_bin,A05_cat,A06_bin,A06_cat,A06a_bin,A06a_cat,A06a_yrs,A06b_bin,A06b_cat,A06c_bin,A06c_cat,A06d_bin,A06d_cat,A06e_bin,A06e_cat,A06f_bin,A06f_cat,A07_bin,A07_cat,A08_bin,A08_cat,A09_bin,A09_cat,A10_bin,A10_cat,A11_bin,A11_cat,A12a_bin,A12a_cat,A12b_bin,A12b_cat,A13_bin,A13_cat,A14_bin,A14_cat,A16_bin,A16_cat,A18_bin,A18_cat,A19_bin,A19_cat,A20_bin,A20_cat,A21_bin,A21_cat,A22_bin,A22_cat,A23_bin,A23_cat,A24_bin,A24_cat,A25_bin,A25_cat,A26_bin,A26_cat,L01_bin,L01_cat,L02_bin,L02_cat,L03_bin,L03_cat,L04_bin,L04_cat,L05_bin,L05_cat,L06_bin,L06_cat,L07_bin,L07_cat,L08_bin,L08_cat,L09_bin,L09_cat,L10_bin,L10_cat,L11_bin,L11_cat,L12_bin,L12_cat,L13a_bin,L13a_cat,L13b_bin,L13b_cat,L14_bin,L14_cat,dualcit_comb,country_name,v2x_regime,dem_dum,dem_cat,birth_reg
AFG,2020,Afghanistan,Asia,1,1,1,2,0,0,0,0,0,0,1,1,0,0,1,2,1,1,1,2,5,0,0,0,0,0,0,1,1,0,0,0,0,1,7,0,0,0,0,0,0,0,0,0,0,0,0,1,2,1,1,0,0,0,0,0,0,0,0,0,0,1,1,0,0,0,0,0,0,1,2,0,0,1,1,0,0,0,0,1,1,1,1,0,0,0,0,0,0,0,0,0,0,0,0,0,0,0,0,3,Afghanistan,1,Autocracy,Electoral Autocracy,42
AGO,2020,Angola,Africa,1,1,1,1,0,0,0,0,1,2,1,1,0,0,0,0,1,1,1,3,10,0,0,1,3,1,2,1,1,1,1,0,0,1,1,0,0,1,2,0,0,0,0,0,0,0,0,1,2,1,2,0,0,0,0,0,0,0,0,0,0,0,0,1,1,0,0,0,0,1,1,0,0,1,2,1,1,0,0,0,0,1,2,0,0,1,2,0,0,0,0,0,0,0,0,0,0,0,0,3,Angola,1,Autocracy,Electoral Autocracy,25
ALB,2020,Albania,Europe,1,1,1,1,1,2,0,0,1,1,0,0,0,0,0,0,1,1,1,2,5,0,0,1,2,0,0,1,2,1,1,0,0,1,2,0,0,1,2,0,0,1,1,0,0,0,0,1,2,0,0,0,0,1,1,0,0,0,0,0,0,1,1,1,1,0,0,1,1,1,2,0,0,0,0,0,0,0,0,0,0,0,0,0,0,1,1,0,0,1,4,0,0,0,0,1,2,1,1,3,Albania,1,Autocracy,Electoral Autocracy,98
ARE,2020,United Arab Emirates,Asia,1,4,1,4,0,0,0,0,1,1,0,0,0,0,0,0,1,1,1,4,30,1,3,1,2,0,0,1,2,1,1,0,0,1,4,0,0,0,0,0,0,0,0,0,0,1,3,1,2,1,2,1,2,0,0,0,0,0,0,0,0,0,0,1,1,0,0,0,0,0,0,1,2,1,1,1,1,1,4,0,0,1,1,1,2,1,1,1,1,0,0,0,0,0,0,0,0,0,0,0,United Arab Emirates,0,Autocracy,Closed Autocracy,100
ARG,2020,Argentina,Americas,0,0,1,6,1,1,0,0,0,0,0,0,0,0,0,0,1,1,1,1,2,0,0,0,0,0,0,1,1,1,1,0,0,1,1,1,1,0,0,0,0,1,1,0,0,0,0,0,0,1,2,0,0,0,0,0,0,0,0,0,0,0,0,1,1,1,1,0,0,0,0,0,0,0,0,0,0,0,0,0,0,0,0,0,0,1,2,0,0,0,0,0,0,0,0,0,0,0,0,3,Argentina,2,Democracy,Electoral Democracy,100
ARM,2020,Armenia,Asia,1,2,1,2,0,0,0,0,1,1,1,1,0,0,0,0,1,1,1,1,3,0,0,1,2,1,1,1,3,0,0,0,0,1,2,1,1,1,2,1,2,1,1,0,0,0,0,1,2,1,2,1,1,1,1,1,1,0,0,1,1,0,0,1,1,0,0,0,0,1,2,0,0,0,0,0,0,0,0,0,0,0,0,0,0,1,1,0,0,1,2,0,0,0,0,0,0,0,0,3,Armenia,1,Autocracy,Electoral Autocracy,99
ATG,2020,Antigua and Barbuda,Americas,0,0,1,6,1,1,0,0,1,2,1,1,1,1,0,0,1,1,1,3,5,0,0,0,0,0,0,1,3,0,0,0,0,1,2,0,0,1,2,1,1,0,0,1,1,1,1,1,2,1,2,1,2,0,0,0,0,0,0,0,0,0,0,1,1,1,1,0,0,1,2,1,2,0,0,1,2,0,0,0,0,1,2,1,2,1,2,0,0,0,0,0,0,0,0,0,0,0,0,3,NA,NA,Democracy,NA,90
AUS,2020,Australia,Oceania,1,1,1,6,1,2,0,0,1,1,1,1,0,0,1,1,1,1,1,1,4,0,0,1,3,1,2,1,3,0,0,0,0,0,0,0,0,1,1,0,0,1,1,1,2,0,0,0,0,1,2,1,1,0,0,0,0,0,0,0,0,0,0,1,1,1,2,0,0,1,2,1,2,1,1,0,0,0,0,0,0,1,1,0,0,1,2,0,0,1,4,0,0,0,0,0,0,0,0,3,Australia,3,Democracy,Liberal Democracy,100
AUT,2020,Austria,Europe,1,1,1,1,0,0,0,0,1,2,1,2,1,2,1,1,1,1,1,3,10,1,3,1,3,1,2,1,2,1,1,0,0,1,2,0,0,1,1,0,0,0,0,1,2,1,2,1,2,1,2,1,2,0,0,1,1,1,1,1,1,1,2,1,1,0,0,1,1,1,2,0,0,1,1,1,1,1,2,0,0,1,1,0,0,1,1,1,2,1,4,0,0,0,0,0,0,1,3,0,Austria,3,Democracy,Liberal Democracy,100
AZE,2020,Azerbaijan,Asia,1,1,1,1,0,0,0,0,1,1,1,3,0,0,0,0,1,1,1,2,5,0,0,1,3,1,1,1,1,1,1,0,0,0,0,0,0,1,2,0,0,0,0,0,0,0,0,1,2,1,1,0,0,0,0,0,0,0,0,1,1,1,1,1,1,1,1,0,0,1,2,0,0,1,1,1,1,1,4,0,0,1,1,0,0,1,1,0,0,0,0,0,0,0,0,1,1,0,0,2,Azerbaijan,1,Autocracy,Electoral Autocracy,94
BDI,2020,Burundi,Africa,1,1,1,1,0,0,0,0,1,1,0,0,1,2,0,0,1,1,1,3,10,0,0,1,1,1,1,1,2,0,0,0,0,1,6,0,0,1,1,0,0,0,0,1,2,0,0,1,2,1,2,0,0,0,0,0,0,0,0,0,0,0,0,1,1,0,0,0,0,1,1,0,0,1,2,0,0,0,0,0,0,0,0,0,0,1,2,0,0,0,0,0,0,0,0,0,0,0,0,3,Burundi,1,Autocracy,Electoral Autocracy,84
BEL,2020,Belgium,Europe,1,1,1,1,1,2,1,3,1,1,1,1,1,1,1,1,1,1,1,2,5,0,0,1,3,1,2,1,1,0,0,0,0,1,2,0,0,1,1,1,2,0,0,1,2,0,0,1,2,1,2,0,0,0,0,0,0,1,1,0,0,1,1,1,1,0,0,0,0,1,1,1,1,0,0,0,0,0,0,0,0,1,2,1,2,1,2,0,0,1,4,0,0,1,1,1,2,1,3,3,Belgium,3,Democracy,Liberal Democracy,100
BEN,2020,Benin,Africa,1,1,1,1,0,0,1,1,1,2,1,3,0,0,1,1,1,1,1,3,3,0,0,1,3,1,1,1,2,1,1,0,0,1,3,1,2,1,1,0,0,0,0,0,0,1,3,1,2,1,2,0,0,0,0,1,1,0,0,0,0,0,0,1,1,0,0,0,0,1,3,0,0,0,0,0,0,0,0,0,0,1,2,1,2,1,2,0,0,1,1,1,2,0,0,0,0,1,2,3,Benin,1,Autocracy,Electoral Autocracy,86
BFA,2020,Burkina Faso,Africa,1,1,1,1,0,0,1,1,1,1,1,1,0,0,1,2,1,1,1,3,10,0,0,0,0,0,0,1,2,0,0,0,0,1,1,1,2,1,1,0,0,0,0,0,0,1,3,1,2,1,2,0,0,0,0,0,0,0,0,0,0,0,0,1,1,0,0,1,1,1,3,0,0,0,0,0,0,0,0,0,0,1,2,1,2,1,1,0,0,0,0,0,0,0,0,0,0,1,3,3,Burkina Faso,2,Democracy,Electoral Democracy,77
BGD,2020,Bangladesh,Asia,1,1,1,1,1,1,0,0,0,0,0,0,0,0,0,0,1,1,1,2,5,1,3,0,0,0,0,1,3,0,0,0,0,1,4,0,0,0,0,0,0,0,0,1,3,1,3,1,2,1,1,1,1,0,0,0,0,0,0,0,0,0,0,0,0,0,0,0,0,1,1,1,2,0,0,0,0,1,1,1,1,1,2,1,2,1,1,1,1,1,4,1,2,0,0,0,0,0,0,0,Bangladesh,1,Autocracy,Electoral Autocracy,56
BGR,2020,Bulgaria,Europe,1,1,1,1,0,0,0,0,1,1,1,1,1,1,1,2,1,1,1,2,5,1,2,1,2,0,0,1,2,1,1,0,0,1,2,0,0,1,1,0,0,0,0,1,2,0,0,1,2,1,1,0,0,1,1,0,0,0,0,1,1,1,1,1,1,0,0,1,1,1,2,0,0,0,0,0,0,0,0,0,0,1,2,0,0,1,2,1,2,1,4,1,1,0,0,0,0,1,2,1,Bulgaria,2,Democracy,Electoral Democracy,100
BHR,2020,Bahrain,Asia,1,4,1,4,0,0,0,0,1,1,0,0,0,0,0,0,1,1,1,3,25,0,0,1,2,0,0,1,3,1,1,0,0,1,7,1,2,0,0,0,0,0,0,0,0,1,3,1,2,1,1,0,0,1,1,0,0,0,0,0,0,0,0,1,1,0,0,0,0,1,2,1,2,1,1,1,1,1,5,0,0,1,1,1,2,1,1,0,0,1,3,1,2,0,0,0,0,0,0,2,Bahrain,0,Autocracy,Closed Autocracy,100
BHS,2020,Bahamas,Americas,1,3,1,4,0,0,0,0,0,0,0,0,1,1,1,2,1,1,1,3,6,1,3,1,2,1,1,1,3,0,0,0,0,1,3,1,2,1,2,0,0,0,0,1,2,1,3,0,0,0,0,1,1,0,0,0,0,0,0,0,0,0,0,0,0,0,0,0,0,1,2,0,0,0,0,1,2,1,5,0,0,1,1,1,2,1,2,0,0,0,0,0,0,0,0,0,0,0,0,0,NA,NA,Democracy,NA,75
BIH,2020,Bosnia and Herzegovina,Europe,1,1,1,1,0,0,0,0,1,1,1,1,0,0,0,0,1,1,1,1,3,1,2,1,2,1,1,1,1,1,1,0,0,1,2,1,2,1,2,0,0,0,0,0,0,0,0,0,0,1,2,0,0,1,1,0,0,0,0,1,1,1,1,1,1,0,0,0,0,1,2,0,0,1,1,0,0,1,2,0,0,0,0,1,1,1,1,0,0,1,2,0,0,0,0,1,2,0,0,0,Bosnia and Herzegovina,2,Democracy,Electoral Democracy,100
BLR,2020,Belarus,Europe,1,1,1,1,0,0,0,0,1,1,1,1,0,0,0,0,1,1,1,3,7,1,3,1,2,1,1,1,1,1,1,1,2,0,0,1,2,1,2,0,0,0,0,0,0,0,0,1,2,1,1,1,2,1,1,0,0,1,1,0,0,0,0,1,1,0,0,0,0,1,2,0,0,1,1,1,1,0,0,0,0,0,0,0,0,1,1,0,0,1,2,0,0,0,0,0,0,0,0,1,Belarus,1,Autocracy,Electoral Autocracy,100
BLZ,2020,Belize,Americas,0,0,1,1,1,1,0,0,1,2,0,0,0,0,0,0,1,1,1,2,5,0,0,0,0,0,0,1,2,1,1,0,0,1,2,0,0,0,0,0,0,0,0,1,1,1,1,1,1,1,1,0,0,0,0,0,0,0,0,0,0,0,0,0,0,0,0,0,0,1,1,1,2,0,0,0,0,0,6,0,0,1,2,1,2,1,2,1,1,1,3,1,1,0,0,0,0,1,2,3,NA,NA,Democracy,NA,96
BOL,2020,Bolivia,Americas,0,0,1,1,1,1,0,0,0,0,0,0,0,0,0,0,1,1,1,1,3,0,0,0,0,1,2,1,1,0,0,0,0,1,2,1,1,0,0,1,1,0,0,0,0,0,0,0,0,1,2,0,0,0,0,0,0,0,0,0,0,0,0,1,1,1,2,0,0,0,0,0,0,1,1,0,0,0,0,0,0,0,0,0,0,0,0,0,0,0,0,0,0,0,0,0,0,0,0,3,Bolivia,1,Autocracy,Electoral Autocracy,92
BRA,2020,Brazil,Americas,0,0,1,6,1,1,0,0,0,0,0,0,0,0,0,0,1,1,1,1,4,0,0,1,2,0,0,1,1,0,0,1,2,1,2,0,0,1,1,1,2,0,0,0,0,1,2,0,0,1,2,1,2,0,0,0,0,1,1,0,0,0,0,1,1,1,3,0,0,1,2,0,0,0,0,0,0,0,0,0,0,1,2,0,0,1,2,0,0,0,0,0,0,0,0,0,0,0,0,3,Brazil,2,Democracy,Electoral Democracy,96
BRB,2020,Barbados,Americas,0,0,1,6,1,1,0,0,1,2,1,1,1,2,0,0,1,1,1,3,5,0,0,0,0,0,0,1,3,0,0,0,0,1,3,0,0,1,2,0,0,0,0,1,1,1,3,1,2,0,0,1,2,0,0,0,0,0,0,0,0,1,2,0,0,1,1,0,0,1,2,0,0,0,0,1,2,0,0,0,0,1,2,1,2,1,2,0,0,0,0,0,0,0,0,0,0,0,0,3,Barbados,3,Democracy,Liberal Democracy,99
BRN,2020,Brunei,Asia,1,5,1,5,1,3,1,4,0,0,0,0,0,0,1,2,1,1,1,4,20,0,0,1,2,0,0,1,3,1,1,0,0,1,3,0,0,0,0,0,0,0,0,0,0,0,0,0,0,1,2,0,0,0,0,0,0,0,0,0,0,0,0,0,0,0,0,0,0,1,2,1,1,0,0,1,2,1,1,0,0,1,2,1,2,1,2,0,0,0,0,0,0,0,0,0,0,0,0,2,NA,NA,Autocracy,NA,100
BTN,2020,Bhutan,Asia,1,2,1,2,0,0,0,0,0,0,0,0,0,0,0,0,1,1,1,4,20,0,0,1,2,1,1,1,2,0,0,0,0,0,0,1,1,0,0,0,0,0,0,0,0,0,0,0,0,0,0,0,0,0,0,0,0,0,0,0,0,0,0,0,0,1,3,0,0,0,0,0,0,0,0,0,0,1,1,0,0,1,2,0,0,1,2,0,0,1,4,1,1,0,0,0,0,0,0,2,Bhutan,2,Democracy,Electoral Democracy,100
BWA,2020,Botswana,Africa,1,1,1,1,0,0,0,0,0,0,0,0,0,0,0,0,1,1,1,3,10,0,0,1,2,0,0,1,3,0,0,0,0,1,2,1,2,1,2,0,0,0,0,0,0,0,0,0,0,1,2,0,0,0,0,0,0,0,0,0,0,0,0,0,0,0,0,0,0,1,2,1,2,1,2,0,0,1,1,1,1,1,2,0,0,1,2,1,2,0,0,0,0,0,0,0,0,0,0,2,Botswana,3,Democracy,Liberal Democracy,100
CAF,2020,Central African Republic,Africa,1,1,1,1,0,0,0,0,1,1,0,0,1,1,1,1,1,1,1,2,5,0,0,0,0,0,0,0,0,0,0,1,2,1,3,1,2,1,1,0,0,0,0,0,0,1,3,1,1,1,2,0,0,0,0,0,0,0,0,0,0,0,0,0,0,0,0,1,1,1,2,0,0,0,0,1,2,1,1,0,0,1,2,1,2,1,1,0,0,0,0,0,0,0,0,0,0,0,0,2,Central African Republic,1,Autocracy,Electoral Autocracy,45
CAN,2020,Canada,Americas,0,0,1,6,1,1,0,0,1,2,0,0,0,0,0,0,1,1,1,2,5,0,0,1,3,1,2,1,1,1,1,1,2,0,0,0,0,1,1,0,0,0,0,1,2,0,0,1,2,1,1,0,0,0,0,0,0,0,0,0,0,1,2,1,1,1,2,0,0,1,2,0,0,0,0,0,0,0,0,0,0,0,0,0,0,1,1,0,0,0,0,0,0,0,0,0,0,1,2,3,Canada,3,Democracy,Liberal Democracy,100
CHE,2020,Switzerland,Europe,1,1,1,1,0,0,0,0,1,1,0,0,1,1,1,1,1,1,1,3,10,0,0,1,3,1,2,1,3,1,1,0,0,1,1,1,1,1,2,0,0,0,0,0,0,0,0,1,2,1,1,0,0,0,0,1,1,0,0,0,0,1,2,0,0,0,0,0,0,1,2,1,1,0,0,0,0,0,0,0,0,1,1,0,0,1,1,0,0,1,4,0,0,1,1,1,1,1,1,3,Switzerland,3,Democracy,Liberal Democracy,100
CHL,2020,Chile,Americas,0,0,1,6,1,2,0,0,0,0,0,0,0,0,1,2,1,1,1,2,5,1,1,0,0,0,0,1,2,1,1,1,2,0,0,1,1,0,0,0,0,0,0,0,0,0,0,0,0,1,2,0,0,0,0,0,0,0,0,1,1,0,0,1,1,0,0,0,0,1,2,0,0,0,0,1,1,0,0,0,0,0,0,0,0,0,0,0,0,0,0,0,0,0,0,0,0,0,0,3,Chile,2,Democracy,Electoral Democracy,99
CHN,2020,China,Asia,1,1,1,6,0,0,0,0,0,0,1,3,0,0,0,0,0,0,99,99,99,99,99,99,99,99,99,99,99,99,99,0,0,1,1,1,1,0,0,0,0,0,0,0,0,0,0,0,0,1,1,0,0,0,0,0,0,0,0,0,0,1,1,1,1,0,0,0,0,1,2,0,0,0,0,0,0,1,1,0,0,0,0,0,0,0,0,0,0,0,0,0,0,0,0,0,0,0,0,0,China,0,Autocracy,Closed Autocracy,90
CIV,2020,Cote dIvoire,Africa,1,3,1,1,0,0,0,0,0,0,0,0,0,0,1,1,1,1,1,3,5,0,0,0,0,0,0,1,2,1,1,0,0,1,1,0,0,1,2,0,0,0,0,0,0,1,3,1,2,1,2,0,0,0,0,0,0,0,0,0,0,0,0,1,1,0,0,0,0,1,2,0,0,0,0,1,1,1,1,0,0,1,2,1,2,0,0,0,0,1,1,1,1,0,0,0,0,0,0,2,Ivory Coast,1,Autocracy,Electoral Autocracy,72
CMR,2020,Cameroon,Africa,1,3,1,3,0,0,1,1,1,1,1,1,1,2,1,1,1,1,1,2,5,0,0,0,0,0,0,1,2,1,1,0,0,1,6,1,1,1,2,0,0,0,0,0,0,0,0,0,0,1,1,0,0,0,0,0,0,0,0,0,0,0,0,1,1,0,0,0,0,0,4,0,0,0,0,1,1,1,1,1,1,1,2,0,0,1,2,0,0,0,0,0,0,0,0,0,0,1,1,2,Cameroon,1,Autocracy,Electoral Autocracy,62
COD,2020,Congo DRC,Africa,1,1,1,1,0,0,0,0,1,2,1,3,0,0,1,2,0,0,99,99,NA,99,99,99,99,99,99,99,99,99,99,0,0,1,2,0,0,1,1,0,0,1,1,0,0,0,0,1,2,1,1,0,0,0,0,0,0,0,0,0,0,0,0,1,1,0,0,0,0,0,0,0,0,0,0,0,0,1,1,0,0,0,0,0,0,1,1,1,1,0,0,0,0,0,0,0,0,0,0,0,Democratic Republic of the Congo,1,Autocracy,Electoral Autocracy,40
COG,2020,Congo Republic,Africa,1,1,1,1,0,0,1,1,1,1,0,0,0,0,1,2,1,1,1,3,10,0,0,1,1,1,1,1,2,1,1,0,0,1,4,0,0,0,0,0,0,0,0,0,0,1,3,1,1,1,1,0,0,0,0,0,0,0,0,0,0,0,0,1,1,0,0,0,0,1,2,0,0,1,1,1,1,0,0,0,0,1,2,1,2,0,0,0,0,0,0,0,0,0,0,0,0,0,0,3,Republic of the Congo,1,Autocracy,Electoral Autocracy,96
COL,2020,Colombia,Americas,1,1,1,1,1,2,0,0,0,0,1,1,0,0,0,0,1,1,1,2,5,0,0,1,2,1,1,0,0,1,1,0,0,1,2,0,0,0,0,1,2,0,0,0,0,0,0,1,2,1,2,1,2,1,1,0,0,0,0,0,0,0,0,0,0,0,0,0,0,1,1,0,0,0,0,0,0,0,0,0,0,1,2,1,2,1,1,0,0,0,0,0,0,0,0,0,0,0,0,3,Colombia,2,Democracy,Electoral Democracy,97
COM,2020,Comoros,Africa,1,1,1,1,0,0,0,0,1,1,0,0,1,1,1,1,1,1,1,3,10,0,0,1,1,1,1,1,3,1,1,1,2,1,6,0,0,0,0,0,0,0,0,0,0,1,3,1,2,1,2,0,0,0,0,0,0,0,0,0,0,0,0,1,1,0,0,0,0,1,2,0,0,0,0,1,2,1,1,0,0,1,2,1,1,1,1,0,0,0,0,0,0,0,0,0,0,0,0,2,Comoros,1,Autocracy,Electoral Autocracy,87
CPV,2020,Cape Verde,Africa,1,1,1,6,1,2,0,0,1,2,1,1,0,0,1,1,1,1,1,2,5,0,0,0,0,0,0,1,3,1,1,0,0,1,1,0,0,1,2,1,3,0,0,0,0,0,0,1,2,1,2,0,0,1,1,0,0,0,0,0,0,0,0,1,1,0,0,1,1,1,1,0,0,0,0,0,0,0,0,0,0,0,0,0,0,0,0,0,0,0,0,0,0,0,0,0,0,0,0,3,Cape Verde,2,Democracy,Electoral Democracy,91
CRI,2020,Costa Rica,Americas,1,1,1,6,1,1,0,0,1,2,0,0,0,0,1,2,1,1,1,3,7,0,0,1,2,1,1,1,2,1,1,0,0,1,2,0,0,0,0,0,0,0,0,0,0,0,0,1,2,0,0,1,2,0,0,0,0,0,0,0,0,0,0,1,1,0,0,0,0,0,0,0,0,0,0,0,0,0,0,0,0,0,0,0,0,1,2,0,0,0,0,0,0,0,0,0,0,0,0,3,Costa Rica,3,Democracy,Liberal Democracy,98
CUB,2020,Cuba,Americas,0,0,1,6,1,1,0,0,0,0,0,0,0,0,0,0,1,1,1,2,5,0,0,1,2,0,0,0,0,0,0,0,0,1,2,0,0,0,0,0,0,0,0,0,0,0,0,1,2,1,2,0,0,0,0,0,0,0,0,0,0,0,0,0,0,0,0,0,0,1,1,0,0,0,0,0,0,0,0,0,0,0,0,0,0,0,0,1,2,0,0,0,0,0,0,0,0,0,0,3,Cuba,0,Autocracy,Closed Autocracy,100
CYP,2020,Cyprus,Europe,1,1,1,1,0,0,0,0,0,0,0,0,1,1,0,0,1,1,1,2,5,0,0,0,0,1,1,1,3,0,0,0,0,1,2,1,2,1,2,0,0,0,0,1,1,1,2,0,0,1,2,1,2,0,0,0,0,0,0,0,0,0,0,1,1,0,0,1,1,1,2,1,2,1,2,0,0,0,0,0,0,1,2,1,2,1,2,0,0,0,0,0,0,0,0,0,0,0,0,3,Cyprus,3,Democracy,Liberal Democracy,100
CZE,2020,Czech Republic,Europe,1,1,1,1,0,0,0,0,1,2,1,2,1,2,1,1,1,1,1,2,5,0,0,1,2,1,2,1,2,1,1,1,2,1,1,1,2,1,2,0,0,1,1,0,0,1,2,1,2,1,2,1,2,0,0,1,1,0,0,1,1,1,1,1,1,0,0,0,0,1,2,0,0,0,0,0,0,0,0,0,0,0,0,0,0,1,1,0,0,0,0,0,0,0,0,0,0,0,0,3,Czech Republic,2,Democracy,Electoral Democracy,100
DEU,2020,Germany,Europe,1,1,1,1,1,2,0,0,1,1,1,2,1,2,0,0,1,1,1,3,8,1,2,1,3,1,2,1,1,1,1,0,0,1,2,0,0,1,2,0,0,1,1,0,0,1,2,1,2,1,1,1,2,1,1,1,1,0,0,1,1,1,1,1,1,1,3,0,0,1,2,0,0,1,1,0,0,1,2,1,1,1,1,0,0,1,1,0,0,1,4,0,0,1,2,1,2,1,1,0,Germany,3,Democracy,Liberal Democracy,100
DJI,2020,Djibouti,Africa,1,1,1,1,0,0,0,0,1,1,0,0,0,0,0,0,1,1,1,3,10,0,0,1,2,0,0,1,2,0,0,0,0,1,2,0,0,0,0,0,0,0,0,0,0,0,0,1,2,0,0,0,0,0,0,0,0,0,0,0,0,0,0,1,1,0,0,0,0,1,1,0,0,0,0,1,1,0,0,0,0,1,2,1,2,0,0,0,0,0,0,0,0,0,0,0,0,1,1,3,Djibouti,1,Autocracy,Electoral Autocracy,92
DMA,2020,Dominica,Americas,0,0,1,6,1,1,0,0,0,0,0,0,1,2,0,0,1,1,1,3,7,0,0,1,2,1,1,1,3,0,0,0,0,1,2,1,2,1,2,1,1,0,0,1,1,0,0,1,1,1,2,1,2,0,0,0,0,0,0,0,0,0,0,0,0,1,1,1,1,1,2,0,0,0,0,1,2,0,0,0,0,1,2,1,2,1,2,0,0,0,0,0,0,0,0,0,0,0,0,3,NA,NA,Democracy,NA,90
DNK,2020,Denmark,Europe,1,1,1,1,0,0,0,0,1,1,1,1,1,1,0,0,1,1,1,3,9,0,0,1,3,1,2,1,1,1,1,1,2,1,2,0,0,1,2,0,0,1,1,0,0,0,0,1,2,1,2,1,2,1,1,1,1,0,0,1,1,1,1,0,0,0,0,0,0,1,2,1,2,0,0,0,0,0,0,0,0,1,1,0,0,1,1,0,0,1,4,0,0,0,0,0,0,1,2,3,Denmark,3,Democracy,Liberal Democracy,100
DOM,2020,Dominican Republic,Americas,1,1,1,1,1,2,0,0,0,0,0,0,0,0,0,0,1,1,1,1,2,0,0,0,0,0,0,0,0,0,0,0,0,1,6,0,0,1,2,0,0,0,0,0,0,1,4,1,1,0,0,0,0,0,0,0,0,0,0,0,0,0,0,1,1,1,2,1,1,0,0,1,2,0,0,1,2,0,0,0,0,1,2,1,2,1,1,0,0,0,0,0,0,0,0,0,0,0,0,3,Dominican Republic,2,Democracy,Electoral Democracy,88
DZA,2020,Algeria,Africa,1,1,1,1,0,0,0,0,1,1,0,0,0,0,0,0,1,1,1,3,7,0,0,1,1,1,1,1,3,1,1,0,0,1,7,0,0,0,0,0,0,0,0,0,0,0,0,1,2,1,1,0,0,0,0,0,0,0,0,0,0,0,0,1,1,0,0,0,0,1,2,0,0,0,0,1,2,0,0,0,0,1,2,1,2,0,0,0,0,1,3,0,0,0,0,0,0,0,0,3,Algeria,1,Autocracy,Electoral Autocracy,100
ECU,2020,Ecuador,Americas,0,0,1,6,1,1,0,0,0,0,0,0,0,0,0,0,1,1,1,1,3,0,0,0,0,1,1,1,1,1,1,0,0,1,2,0,0,1,2,0,0,0,0,0,0,0,0,1,2,0,0,0,0,1,1,0,0,0,0,0,0,0,0,1,1,0,0,0,0,0,4,0,0,0,0,0,0,0,0,0,0,0,0,0,0,0,0,0,0,0,0,0,0,0,0,0,0,0,0,3,Ecuador,2,Democracy,Electoral Democracy,82
EGY,2020,Egypt,Africa,1,1,1,1,0,0,0,0,1,1,0,0,0,0,1,2,1,1,1,3,10,0,0,1,2,0,0,1,2,1,1,0,0,1,3,0,0,0,0,0,0,0,0,0,0,1,3,1,2,1,2,0,0,1,1,0,0,0,0,0,0,0,0,1,1,0,0,0,0,0,0,1,2,1,1,1,1,1,5,0,0,1,2,1,2,1,2,0,0,0,0,0,0,0,0,0,0,0,0,2,Egypt,1,Autocracy,Electoral Autocracy,98
ERI,2020,Eritrea,Africa,1,1,1,1,0,0,0,0,1,1,0,0,0,0,0,0,1,1,1,4,20,1,3,1,2,0,0,1,2,1,1,0,0,1,2,0,0,1,1,0,0,0,0,0,0,0,0,1,2,0,0,0,0,0,0,0,0,0,0,0,0,0,0,0,0,0,0,0,0,1,1,0,0,0,0,1,1,1,4,1,1,1,1,1,2,1,1,1,1,0,0,0,0,0,0,0,0,1,3,0,Eritrea,0,Autocracy,Closed Autocracy,0
ESP,2020,Spain,Europe,1,1,1,1,0,0,1,1,1,1,1,1,1,2,1,1,1,1,1,3,10,1,2,1,3,1,2,1,3,0,0,0,0,1,2,0,0,1,1,0,0,1,1,1,1,0,0,0,0,1,1,1,2,1,1,1,1,0,0,1,1,0,0,0,0,0,0,0,0,1,2,1,1,1,2,1,2,1,2,0,0,0,0,0,0,1,2,1,1,0,0,0,0,0,0,0,0,0,0,0,Spain,3,Democracy,Liberal Democracy,100
EST,2020,Estonia,Europe,1,1,1,1,0,0,0,0,1,1,1,2,0,0,0,0,1,1,1,3,8,1,3,1,2,1,2,0,0,1,1,0,0,0,0,1,2,1,2,0,0,0,0,0,0,0,0,1,2,1,2,0,0,0,0,1,1,0,0,0,0,0,0,1,1,0,0,0,0,1,2,0,0,1,2,1,2,1,1,0,0,1,2,0,0,1,2,1,1,0,0,0,0,0,0,0,0,0,0,0,Estonia,3,Democracy,Liberal Democracy,100
ETH,2020,Ethiopia,Africa,1,1,1,1,0,0,0,0,1,2,0,0,0,0,0,0,1,1,1,1,4,1,3,1,2,0,0,1,2,1,1,0,0,1,2,0,0,1,2,0,0,0,0,0,0,0,0,1,2,1,2,0,0,0,0,0,0,0,0,0,0,0,0,1,1,0,0,0,0,1,2,0,0,0,0,0,0,1,1,1,1,0,0,0,0,0,0,1,1,0,0,0,0,0,0,0,0,0,0,0,Ethiopia,1,Autocracy,Electoral Autocracy,3
FIN,2020,Finland,Europe,1,3,1,3,0,0,0,0,1,2,1,1,1,2,1,2,1,1,1,2,5,0,0,1,3,0,0,1,1,1,1,1,2,1,2,1,2,1,2,0,0,0,0,1,1,1,2,1,2,1,2,1,2,0,0,1,1,1,1,1,1,1,1,0,0,0,0,0,0,1,2,1,1,0,0,0,0,0,0,0,0,1,1,0,0,1,2,0,0,1,4,0,0,1,2,0,0,1,3,3,Finland,3,Democracy,Liberal Democracy,100
FJI,2020,Fiji,Oceania,1,1,1,1,0,0,0,0,0,0,0,0,0,0,0,0,1,1,1,2,5,0,0,1,2,0,0,1,3,0,0,0,0,1,2,1,1,1,1,0,0,0,0,0,0,0,0,0,0,1,2,0,0,0,0,0,0,0,0,0,0,0,0,0,0,0,0,0,0,1,1,0,0,0,0,0,0,0,0,0,0,1,2,0,0,1,2,0,0,0,0,0,0,0,0,0,0,0,0,3,Fiji,1,Autocracy,Electoral Autocracy,89
FRA,2020,France,Europe,1,1,1,1,0,0,1,1,1,1,1,1,0,0,1,1,1,1,1,2,5,0,0,1,3,1,2,1,2,0,0,1,1,1,2,0,0,1,2,1,2,0,0,0,0,0,0,1,2,1,1,0,0,1,1,1,1,0,0,1,1,1,1,1,1,1,2,0,0,1,3,1,1,1,1,1,1,0,0,0,0,1,2,1,2,1,2,0,0,0,0,0,0,0,0,0,0,1,3,3,France,3,Democracy,Liberal Democracy,100
FSM,2020,Micronesia,Oceania,1,1,1,1,0,0,0,0,0,0,0,0,0,0,0,0,0,0,99,99,99,99,99,99,99,99,99,99,99,99,99,0,0,1,2,1,1,0,0,0,0,0,0,0,0,0,0,0,0,1,2,0,0,0,0,0,0,0,0,0,0,0,0,0,0,0,0,0,0,1,1,0,0,1,1,1,1,1,4,1,1,0,0,0,0,1,2,0,0,0,0,0,0,0,0,0,0,0,0,0,NA,NA,Democracy,NA,NA
GAB,2020,Gabon,Africa,1,1,1,1,0,0,1,1,1,1,1,3,0,0,1,1,1,1,1,1,5,0,0,0,0,0,0,1,2,1,1,1,2,1,1,0,0,1,2,0,0,0,0,0,0,1,1,1,2,1,2,0,0,0,0,0,0,0,0,0,0,0,0,1,1,0,0,0,0,1,2,0,0,0,0,0,0,0,0,0,0,1,2,1,2,1,2,0,0,0,0,0,0,0,0,0,0,1,3,3,Gabon,1,Autocracy,Electoral Autocracy,90
GBR,2020,United Kingdom,Europe,1,1,1,6,1,2,0,0,1,2,1,2,0,0,1,1,1,1,1,2,5,0,0,1,3,1,2,1,3,0,0,0,0,1,2,1,2,1,2,0,0,0,0,0,0,1,2,0,0,1,2,0,0,0,0,0,0,0,0,0,0,1,1,0,0,1,3,0,0,1,1,0,0,0,0,0,0,0,0,0,0,1,1,0,0,1,2,0,0,0,0,0,0,0,0,0,0,1,1,3,United Kingdom,3,Democracy,Liberal Democracy,100
GEO,2020,Georgia,Asia,1,1,1,2,0,0,0,0,1,1,1,3,0,0,1,1,1,1,1,3,10,1,3,1,2,1,1,1,1,1,1,0,0,1,2,0,0,0,0,0,0,0,0,0,0,0,0,0,0,1,2,0,0,1,1,0,0,0,0,1,1,1,2,1,1,0,0,1,1,1,2,0,0,1,2,0,0,1,5,1,1,0,0,0,0,1,1,0,0,0,0,0,0,0,0,0,0,0,0,0,Georgia,2,Democracy,Electoral Democracy,100
GHA,2020,Ghana,Africa,1,1,1,1,0,0,0,0,1,2,0,0,0,0,0,0,1,1,1,2,5,0,0,1,2,1,1,1,2,1,1,0,0,1,6,0,0,1,2,1,3,0,0,0,0,0,0,1,2,1,2,1,2,0,0,0,0,0,0,0,0,0,0,0,0,0,0,0,0,1,1,0,0,0,0,0,0,0,0,0,0,1,2,0,0,1,2,0,0,0,0,0,0,0,0,0,0,0,0,3,Ghana,3,Democracy,Liberal Democracy,71
GIN,2020,Guinea,Africa,1,1,1,1,0,0,1,1,1,2,1,1,0,0,1,2,1,1,1,2,5,0,0,1,2,1,1,1,2,0,0,0,0,1,2,1,2,1,1,0,0,0,0,0,0,1,1,1,1,1,2,0,0,0,0,0,0,0,0,0,0,0,0,1,1,1,2,0,0,1,3,1,1,1,1,1,1,0,0,0,0,1,2,1,2,0,0,0,0,1,1,0,0,0,0,0,0,1,1,3,Guinea,1,Autocracy,Electoral Autocracy,31
GMB,2020,Gambia,Africa,1,1,1,6,0,0,0,0,0,0,0,0,0,0,0,0,1,1,1,4,15,1,3,0,0,0,0,1,3,1,1,0,0,1,2,0,0,0,0,0,0,0,0,0,0,0,0,1,2,1,2,0,0,0,0,0,0,0,0,0,0,0,0,0,0,0,0,0,0,1,2,0,0,0,0,0,0,0,6,0,0,1,2,1,2,1,2,0,0,0,0,0,0,0,0,0,0,0,0,1,The Gambia,1,Autocracy,Electoral Autocracy,58
GNB,2020,Guinea Bissau,Africa,1,1,1,6,1,3,0,0,1,2,1,1,0,0,0,0,1,1,1,3,6,0,0,1,1,1,1,1,1,0,0,0,0,1,2,0,0,1,2,0,0,0,0,0,0,0,0,1,2,1,2,0,0,0,0,0,0,0,0,0,0,0,0,1,1,0,0,0,0,1,1,0,0,0,0,0,0,0,0,0,0,1,2,0,0,1,2,0,0,0,0,0,0,0,0,0,0,0,0,3,Guinea-Bissau,2,Democracy,Electoral Democracy,46
GNQ,2020,Equatorial Guinea,Africa,1,1,1,1,0,0,0,0,0,0,0,0,0,0,1,2,1,1,1,4,40,1,3,1,2,1,1,1,1,1,1,0,0,1,2,0,0,1,2,0,0,1,1,0,0,0,0,1,2,1,2,0,0,0,0,0,0,0,0,0,0,0,0,1,1,0,0,0,0,0,0,0,0,1,2,0,0,1,2,0,0,1,2,1,2,1,2,0,0,0,0,0,0,0,0,0,0,0,0,0,Equatorial Guinea,1,Autocracy,Electoral Autocracy,53
GRC,2020,Greece,Europe,1,1,1,1,1,2,1,3,1,1,1,1,1,1,1,1,1,1,1,3,7,0,0,1,2,1,1,1,1,1,1,1,3,1,2,1,2,1,1,1,2,1,1,0,0,0,0,1,2,1,2,1,2,1,1,0,0,1,1,1,1,1,1,1,1,1,2,0,0,1,3,0,0,1,1,1,1,0,0,0,0,1,1,0,0,1,1,0,0,1,3,0,0,0,0,1,1,0,0,3,Greece,3,Democracy,Liberal Democracy,100
GRD,2020,Grenada,Americas,0,0,1,6,1,1,0,0,1,1,0,0,0,0,0,0,1,1,1,3,5,0,0,1,2,0,0,1,3,0,0,0,0,1,2,0,0,1,2,0,0,0,0,0,0,0,0,1,2,0,0,1,2,0,0,0,0,0,0,1,1,1,1,0,0,0,0,1,1,1,2,0,0,0,0,1,2,0,0,0,0,1,2,1,2,1,2,0,0,0,0,0,0,0,0,0,0,0,0,3,NA,NA,Democracy,NA,90
GTM,2020,Guatemala,Americas,0,0,1,1,1,1,0,0,0,0,0,0,0,0,0,0,1,1,1,2,5,1,1,1,3,1,2,1,3,1,1,0,0,0,0,0,0,0,0,0,0,0,0,0,0,0,0,0,0,1,2,1,2,1,1,0,0,0,0,0,0,1,1,1,1,0,0,0,0,1,2,0,0,0,0,0,0,0,0,0,0,0,0,0,0,1,1,0,0,0,0,0,0,0,0,0,0,0,0,3,Guatemala,2,Democracy,Electoral Democracy,97
GUY,2020,Guyana,Americas,0,0,1,6,1,1,0,0,1,2,0,0,1,1,0,0,1,1,1,3,5,0,0,0,0,0,0,1,3,0,0,0,0,1,1,1,2,1,2,0,0,0,0,1,2,1,1,1,2,0,0,1,2,0,0,0,0,0,0,0,0,1,2,0,0,1,1,0,0,1,2,0,0,0,0,1,2,1,5,0,0,1,2,1,2,1,2,0,0,0,0,0,0,0,0,0,0,0,0,2,Guyana,2,Democracy,Electoral Democracy,89
HND,2020,Honduras,Americas,0,0,1,6,1,1,0,0,1,2,0,0,0,0,0,0,1,1,1,1,3,1,2,0,0,1,1,1,2,1,1,0,0,1,1,0,0,0,0,0,0,0,0,0,0,0,0,0,0,0,0,1,2,0,0,0,0,0,0,0,0,0,0,1,1,0,0,0,0,0,0,0,0,0,0,0,0,0,6,0,0,1,2,0,0,1,2,0,0,0,0,0,0,0,0,0,0,0,0,1,Honduras,1,Autocracy,Electoral Autocracy,99
HRV,2020,Croatia,Europe,1,1,1,2,0,0,0,0,1,1,1,3,0,0,1,2,1,1,1,3,8,1,2,1,3,1,1,1,3,1,1,0,0,1,2,0,0,1,2,0,0,0,0,0,0,1,2,1,2,1,2,0,0,1,1,0,0,0,0,0,0,0,0,1,1,0,0,0,0,1,2,0,0,0,0,0,0,0,0,0,0,0,0,0,0,0,0,0,0,1,3,0,0,0,0,0,0,1,3,1,Croatia,2,Democracy,Electoral Democracy,100
HTI,2020,Haiti,Americas,1,1,1,2,1,3,0,0,1,1,1,3,0,0,1,3,1,1,1,2,5,1,1,0,0,0,0,0,0,0,0,0,0,1,3,0,0,1,1,0,0,0,0,0,0,1,3,0,0,0,0,0,0,0,0,0,0,0,0,0,0,0,0,1,1,1,1,0,0,0,4,0,0,0,0,1,2,0,0,0,0,1,1,0,0,0,0,0,0,0,0,0,0,0,0,0,0,1,1,3,Haiti,1,Autocracy,Electoral Autocracy,85
HUN,2020,Hungary,Europe,1,1,1,1,0,0,0,0,1,1,1,1,1,1,1,1,1,1,1,3,8,0,0,1,1,1,2,1,2,1,1,1,2,1,1,0,0,1,2,1,2,1,1,0,0,0,0,0,0,1,1,0,0,1,1,0,0,0,0,1,1,1,1,1,1,0,0,0,0,1,2,0,0,0,0,0,0,0,0,0,0,0,0,0,0,1,2,0,0,0,0,0,0,0,0,0,0,1,1,3,Hungary,1,Autocracy,Electoral Autocracy,100
IDN,2020,Indonesia,Asia,1,3,1,3,0,0,0,0,1,2,1,3,1,2,0,0,1,1,1,2,5,1,3,1,2,0,0,1,1,1,1,0,0,1,2,1,2,1,2,0,0,0,0,1,2,0,0,0,0,1,2,0,0,0,0,0,0,0,0,0,0,0,0,1,1,0,0,0,0,1,2,1,1,1,1,1,1,1,1,1,1,1,1,0,0,1,1,1,2,1,4,0,0,0,0,1,2,0,0,0,Indonesia,2,Democracy,Electoral Democracy,78
IND,2020,India,Asia,1,2,1,6,0,0,0,0,0,0,0,0,0,0,0,0,1,1,1,4,11,1,3,1,2,0,0,1,3,0,0,0,0,1,2,1,2,0,0,0,0,0,0,0,0,0,0,1,1,1,1,0,0,1,1,0,0,0,0,0,0,0,0,1,1,0,0,0,0,1,2,1,2,0,0,1,2,1,1,0,0,1,2,1,2,1,2,0,0,1,3,0,0,0,0,0,0,0,0,0,India,1,Autocracy,Electoral Autocracy,86
IRL,2020,Ireland,Europe,1,1,1,1,1,2,0,0,1,2,1,1,0,0,1,1,1,1,1,2,5,0,0,0,0,0,0,1,3,0,0,0,0,1,2,0,0,1,1,0,0,0,0,0,0,0,0,1,2,1,2,0,0,1,1,0,0,0,0,1,1,1,1,1,1,1,3,0,0,1,1,1,2,0,0,0,0,0,6,0,0,1,2,0,0,1,2,0,0,0,0,0,0,0,0,0,0,1,1,3,Ireland,3,Democracy,Liberal Democracy,100
IRN,2020,Iran,Asia,1,4,1,4,0,0,1,1,1,1,0,0,0,0,1,2,1,1,1,2,5,0,0,0,0,0,0,1,1,0,0,0,0,1,6,0,0,0,0,0,0,1,1,0,0,1,3,1,2,1,2,0,0,0,0,1,1,0,0,0,0,0,0,1,1,1,3,0,0,1,2,0,0,0,0,0,0,1,2,0,0,0,0,0,0,0,0,0,0,0,0,0,0,0,0,0,0,0,0,2,Iran,1,Autocracy,Electoral Autocracy,97
IRQ,2020,Iraq,Asia,1,1,1,4,0,0,0,0,1,1,0,0,0,0,1,2,1,1,1,3,10,0,0,0,0,0,0,1,2,1,1,0,0,1,6,0,0,0,0,0,0,0,0,0,0,0,0,1,2,1,2,0,0,0,0,0,0,0,0,0,0,0,0,0,0,0,0,0,0,1,1,0,0,0,0,0,0,0,0,0,0,1,2,0,0,1,1,0,0,1,1,0,0,0,0,0,0,0,0,3,Iraq,1,Autocracy,Electoral Autocracy,99
ISL,2020,Iceland,Europe,1,1,1,1,0,0,0,0,1,1,1,2,0,0,0,0,1,1,1,3,7,0,0,1,2,0,0,1,2,1,1,1,2,1,2,0,0,1,2,0,0,0,0,0,0,0,0,1,2,1,1,1,2,0,0,0,0,0,0,1,1,1,1,0,0,0,0,0,0,1,2,1,1,0,0,0,0,0,0,0,0,0,0,0,0,0,0,0,0,1,3,0,0,0,0,0,0,1,1,3,Iceland,3,Democracy,Liberal Democracy,100
ISR,2020,Israel,Asia,1,1,1,6,1,3,0,0,1,1,1,2,0,0,0,0,1,1,1,1,3,1,3,1,2,0,0,0,0,0,0,0,0,1,1,0,0,1,2,0,0,1,1,1,2,1,1,1,2,1,2,0,0,1,1,0,0,0,0,0,0,0,0,1,1,0,0,0,0,1,3,0,0,0,0,0,0,0,0,0,0,1,1,0,0,1,1,0,0,1,4,0,0,0,0,0,0,0,0,1,Israel,3,Democracy,Liberal Democracy,100
ITA,2020,Italy,Europe,1,1,1,1,0,0,0,0,1,1,1,3,1,1,1,2,1,1,1,3,10,0,0,1,3,0,0,1,1,1,1,0,0,1,1,0,0,1,2,0,0,1,1,0,0,0,0,1,2,1,1,1,2,1,1,0,0,0,0,1,1,1,1,1,1,1,3,0,0,1,3,0,0,1,1,1,1,0,0,0,0,1,2,0,0,1,2,0,0,1,1,0,0,1,1,0,0,1,1,3,Italy,3,Democracy,Liberal Democracy,100
JAM,2020,Jamaica,Americas,0,0,1,1,1,1,0,0,1,1,0,0,1,2,0,0,1,1,1,2,5,0,0,0,0,0,0,1,3,0,0,0,0,1,1,1,2,1,2,0,0,0,0,1,2,1,1,1,2,1,2,1,2,0,0,0,0,0,0,0,0,0,0,0,0,1,1,0,0,1,1,1,2,0,0,1,2,0,0,0,0,1,2,1,2,1,2,0,0,0,0,0,0,0,0,0,0,0,0,3,Jamaica,2,Democracy,Electoral Democracy,98
JOR,2020,Jordan,Asia,1,4,1,4,0,0,0,0,1,1,0,0,0,0,0,0,1,1,1,1,4,1,3,1,2,0,0,1,2,1,1,0,0,1,3,0,0,0,0,0,0,0,0,0,0,1,3,1,2,1,2,1,2,1,1,0,0,0,0,0,0,0,0,1,1,0,0,1,1,1,2,0,0,1,1,1,1,0,0,0,0,1,1,0,0,1,2,0,0,0,0,0,0,0,0,0,0,1,1,1,Jordan,0,Autocracy,Closed Autocracy,98
JPN,2020,Japan,Asia,1,1,1,1,0,0,0,0,1,2,1,3,1,2,1,2,1,1,1,2,5,1,3,0,0,0,0,1,2,1,1,0,0,1,2,1,1,1,1,0,0,1,1,1,2,0,0,0,0,1,2,0,0,0,0,0,0,1,1,0,0,0,0,1,1,0,0,0,0,1,1,0,0,1,1,1,2,1,1,1,1,0,0,0,0,0,0,1,1,0,0,0,0,0,0,0,0,0,0,0,Japan,3,Democracy,Liberal Democracy,100
KAZ,2020,Kazakhstan,Asia,1,1,1,2,0,0,0,0,1,1,1,3,0,0,0,0,1,1,1,2,5,0,0,0,0,0,0,1,1,0,0,0,0,1,2,0,0,1,2,0,0,0,0,0,0,0,0,1,2,1,1,1,2,1,1,0,0,0,0,0,0,0,0,1,1,0,0,0,0,1,2,0,0,1,1,1,1,1,4,0,0,1,1,0,0,1,1,0,0,1,4,0,0,0,0,0,0,0,0,2,Kazakhstan,1,Autocracy,Electoral Autocracy,100
KEN,2020,Kenya,Africa,1,1,1,1,0,0,0,0,1,2,0,0,0,0,0,0,1,1,1,3,7,0,0,1,2,1,1,1,1,1,1,0,0,1,1,1,2,1,2,0,0,0,0,1,3,0,0,0,0,1,2,0,0,0,0,0,0,0,0,0,0,1,2,0,0,0,0,0,0,1,2,0,0,0,0,0,0,0,0,0,0,1,2,1,2,1,2,0,0,0,0,0,0,0,0,0,0,1,1,3,Kenya,1,Autocracy,Electoral Autocracy,74
KGZ,2020,Kyrgyzstan,Asia,1,2,1,2,0,0,0,0,1,1,1,3,0,0,0,0,1,1,1,2,5,0,0,1,2,0,0,1,1,1,1,0,0,1,3,1,1,1,2,0,0,0,0,0,0,0,0,1,2,1,1,0,0,1,1,0,0,0,0,1,1,0,0,1,1,0,0,1,1,1,2,0,0,1,1,0,0,0,0,0,0,1,1,0,0,1,1,0,0,0,0,0,0,0,0,0,0,0,0,3,Kyrgyzstan,1,Autocracy,Electoral Autocracy,99
KHM,2020,Cambodia,Asia,1,1,1,1,0,0,1,3,1,1,0,0,1,2,1,1,1,1,1,3,7,0,0,1,2,1,1,1,2,1,1,0,0,1,2,0,0,1,1,1,2,0,0,0,0,1,1,1,2,0,0,0,0,0,0,0,0,0,0,0,0,0,0,1,1,0,0,1,1,1,2,0,0,0,0,0,0,0,0,0,0,0,0,0,0,0,0,0,0,1,4,1,1,0,0,0,0,0,0,3,Cambodia,1,Autocracy,Electoral Autocracy,73
KIR,2020,Kiribati,Oceania,1,4,1,4,0,0,0,0,0,0,1,1,0,0,0,0,1,1,1,3,7,1,3,1,2,1,1,1,3,1,1,0,0,1,3,1,1,1,2,0,0,0,0,0,0,1,3,1,2,1,2,0,0,0,0,0,0,0,0,0,0,0,0,0,0,0,0,0,0,1,1,0,0,1,2,1,2,1,2,0,0,1,2,1,2,1,2,0,0,0,0,0,0,0,0,0,0,0,0,0,NA,NA,Democracy,NA,92
KNA,2020,Saint Kitts and Nevis,Americas,0,0,1,1,1,1,0,0,1,2,1,1,1,1,1,1,1,1,1,4,14,0,0,0,0,0,0,1,3,0,0,0,0,1,1,0,0,1,2,1,3,0,0,1,1,1,1,1,2,1,2,1,2,0,0,0,0,0,0,0,0,0,0,0,0,1,1,1,1,1,2,0,0,0,0,1,2,0,0,0,0,1,2,1,2,1,2,0,0,0,0,0,0,0,0,0,0,0,0,3,NA,NA,Democracy,NA,90
KOR,2020,South Korea,Asia,1,1,1,1,0,0,0,0,1,1,1,3,1,1,1,2,1,1,1,2,5,1,2,1,2,1,1,1,3,1,1,0,0,1,2,1,1,1,1,0,0,1,1,1,1,0,0,1,2,1,1,0,0,0,0,0,0,0,0,0,0,0,0,1,1,0,0,0,0,1,2,0,0,0,0,0,0,1,2,1,1,1,2,0,0,1,1,1,2,1,4,1,1,0,0,0,0,0,0,0,South Korea,3,Democracy,Liberal Democracy,100
KWT,2020,Kuwait,Asia,1,4,1,4,0,0,0,0,1,1,0,0,0,0,0,0,0,0,99,99,99,99,99,99,99,99,99,99,99,99,99,1,2,1,3,0,0,0,0,0,0,0,0,0,0,1,3,1,2,1,1,1,2,1,1,0,0,0,0,0,0,0,0,1,1,0,0,0,0,0,0,0,0,1,1,1,2,1,4,0,0,1,1,1,2,1,2,1,2,1,3,1,1,0,0,0,0,0,0,0,Kuwait,0,Autocracy,Closed Autocracy,90
LAO,2020,Laos,Asia,1,1,1,2,0,0,0,0,1,1,1,3,0,0,0,0,1,1,1,3,10,1,3,1,2,1,1,1,2,1,1,0,0,0,0,0,0,1,2,0,0,0,0,0,0,0,0,1,2,1,2,0,0,1,1,0,0,0,0,0,0,0,0,1,1,0,0,0,0,1,3,1,1,0,0,0,0,0,0,0,0,1,2,0,0,1,2,0,0,1,3,0,0,0,0,0,0,1,1,1,Laos,0,Autocracy,Closed Autocracy,75
LBN,2020,Lebanon,Asia,1,4,1,4,0,0,0,0,1,1,1,1,0,0,0,0,0,0,99,99,99,99,99,99,99,99,99,99,99,99,99,0,0,1,4,0,0,0,0,0,0,0,0,0,0,1,3,1,1,1,2,0,0,0,0,0,0,0,0,0,0,0,0,0,0,0,0,0,0,1,1,1,2,0,0,1,1,0,0,0,0,1,2,0,0,0,0,0,0,0,0,0,0,0,0,0,0,0,0,1,Lebanon,1,Autocracy,Electoral Autocracy,100
LBR,2020,Liberia,Africa,1,5,1,5,1,3,0,0,0,0,0,0,0,0,0,0,0,0,99,99,99,99,99,99,99,99,99,99,99,99,99,0,0,1,7,0,0,0,0,0,0,0,0,0,0,0,0,1,2,1,2,0,0,1,1,0,0,0,0,0,0,0,0,0,0,0,0,0,0,0,0,1,2,1,1,0,0,1,1,1,1,0,0,0,0,1,2,0,0,1,3,0,0,0,0,0,0,0,0,0,Liberia,2,Democracy,Electoral Democracy,25
LBY,2020,Libya,Africa,1,4,1,4,0,0,0,0,1,1,0,0,0,0,0,0,1,1,1,3,10,0,0,0,0,0,0,1,3,1,1,0,0,1,3,0,0,0,0,0,0,0,0,0,0,0,0,1,2,1,2,0,0,0,0,0,0,0,0,0,0,0,0,1,1,0,0,0,0,0,0,1,2,0,0,0,0,0,0,0,0,1,2,0,0,1,2,0,0,1,3,0,0,0,0,0,0,0,0,3,Libya,0,Autocracy,Closed Autocracy,90
LCA,2020,Saint Lucia,Americas,0,0,1,6,1,1,0,0,1,2,0,0,0,0,0,0,1,1,1,3,7,1,3,1,2,1,1,1,3,0,0,0,0,1,2,1,1,1,2,1,2,0,0,1,1,1,1,1,1,1,2,1,2,0,0,0,0,0,0,0,0,1,2,0,0,1,1,1,1,1,1,0,0,0,0,1,2,0,0,0,0,1,2,0,0,1,2,0,0,0,0,0,0,0,0,0,0,0,0,1,NA,NA,Democracy,NA,92
LIE,2020,Liechtenstein,Europe,1,1,1,1,0,0,0,0,1,1,1,2,0,0,0,0,1,1,1,3,10,1,3,1,3,1,2,1,1,1,1,1,2,1,1,0,0,1,2,0,0,0,0,0,0,0,0,1,2,0,0,0,0,0,0,0,0,1,1,0,0,1,1,0,0,0,0,0,0,1,1,0,0,0,0,0,0,0,0,0,0,1,1,0,0,1,1,0,0,1,4,0,0,0,0,1,1,0,0,1,NA,NA,Democracy,NA,100
LKA,2020,Sri Lanka,Asia,1,1,1,1,0,0,0,0,1,2,0,0,0,0,0,0,0,0,99,99,99,99,99,99,99,99,99,99,99,99,99,0,0,1,2,0,0,0,0,0,0,1,1,1,1,0,0,1,2,1,1,0,0,0,0,0,0,0,0,0,0,0,0,1,1,1,3,1,1,1,2,0,0,0,0,0,0,1,2,1,1,0,0,0,0,0,0,1,1,0,0,0,0,0,0,0,0,0,0,0,Sri Lanka,2,Democracy,Electoral Democracy,97
LSO,2020,Lesotho,Africa,0,0,1,6,1,1,0,0,0,0,1,1,0,0,0,0,1,1,1,2,5,1,3,1,2,0,0,1,3,1,1,0,0,1,2,0,0,1,2,0,0,0,0,1,3,0,0,0,0,1,2,0,0,0,0,0,0,0,0,0,0,1,1,0,0,0,0,0,0,1,2,1,2,0,0,0,0,0,0,0,0,1,2,1,2,1,2,0,0,0,0,0,0,0,0,0,0,0,0,1,Lesotho,2,Democracy,Electoral Democracy,45
LTU,2020,Lithuania,Europe,1,1,1,1,0,0,0,0,1,1,1,3,1,1,0,0,1,1,1,3,10,1,3,1,2,1,1,1,1,1,1,0,0,1,2,0,0,1,1,0,0,0,0,1,3,0,0,1,2,1,1,0,0,1,1,0,0,0,0,1,1,1,1,1,1,0,0,0,0,1,2,0,0,1,1,1,1,1,2,1,1,1,2,1,2,1,1,1,2,1,2,0,0,0,0,1,1,0,0,0,Lithuania,2,Democracy,Electoral Democracy,100
LUX,2020,Luxembourg,Europe,1,1,1,1,0,0,1,1,1,1,1,1,1,1,1,2,1,1,1,2,5,0,0,1,3,1,2,1,1,0,0,1,3,1,1,0,0,1,2,0,0,0,0,0,0,0,0,1,2,1,1,0,0,0,0,0,0,0,0,1,1,0,0,1,1,1,2,0,0,1,1,0,0,0,0,0,0,0,0,0,0,0,0,0,0,1,2,0,0,1,1,0,0,1,1,0,0,1,1,3,Luxembourg,3,Democracy,Liberal Democracy,100
LVA,2020,Latvia,Europe,1,1,1,1,0,0,0,0,1,1,1,3,0,0,0,0,1,1,1,2,5,1,2,1,2,1,1,0,0,1,1,0,0,0,0,0,0,0,0,0,0,0,0,0,0,0,0,1,2,1,2,1,2,0,0,0,0,0,0,0,0,0,0,1,1,0,0,0,0,1,2,0,0,1,1,0,0,1,5,1,1,1,1,0,0,1,2,1,2,0,0,0,0,0,0,0,0,0,0,0,Latvia,3,Democracy,Liberal Democracy,100
MAR,2020,Morocco,Africa,1,1,1,1,0,0,1,4,1,1,0,0,0,0,0,0,1,1,1,2,5,0,0,1,2,0,0,1,2,1,1,0,0,1,4,0,0,0,0,0,0,0,0,0,0,0,0,1,2,1,1,0,0,0,0,0,0,0,0,0,0,0,0,1,1,0,0,0,0,1,2,0,0,1,1,0,0,0,0,0,0,1,2,1,1,1,1,0,0,0,0,0,0,0,0,0,0,0,0,3,Morocco,0,Autocracy,Closed Autocracy,86
MDA,2020,Moldova,Europe,1,1,1,1,1,1,0,0,1,1,1,3,1,2,1,2,1,1,1,3,10,0,0,1,2,1,2,1,1,1,1,1,2,1,2,1,2,1,2,1,2,0,0,0,0,1,2,1,2,1,2,0,0,0,0,0,0,0,0,1,1,1,1,1,1,0,0,0,0,1,2,0,0,1,1,0,0,0,0,0,0,1,1,0,0,1,1,0,0,0,0,0,0,0,0,0,0,1,1,3,Moldova,2,Democracy,Electoral Democracy,100
MDG,2020,Madagascar,Africa,1,1,1,1,0,0,0,0,1,3,0,0,1,2,0,0,1,1,1,2,5,0,0,1,2,1,1,1,3,0,0,0,0,1,3,0,0,1,2,0,0,0,0,0,0,1,3,1,2,1,2,0,0,0,0,0,0,0,0,0,0,0,0,1,1,0,0,0,0,1,2,0,0,1,1,1,1,1,1,0,0,1,2,1,2,1,2,0,0,0,0,0,0,0,0,0,0,1,1,2,Madagascar,1,Autocracy,Electoral Autocracy,79
MEX,2020,Mexico,Americas,0,0,1,6,1,1,0,0,1,1,0,0,0,0,0,0,1,1,1,2,5,1,1,1,2,1,1,1,1,0,0,0,0,1,1,0,0,1,1,1,1,0,0,0,0,0,0,0,0,1,2,1,2,0,0,0,0,0,0,1,1,0,0,1,1,0,0,0,0,0,4,1,2,0,0,1,2,0,6,0,0,0,0,1,2,1,2,1,1,0,0,0,0,0,0,0,0,0,0,3,Mexico,2,Democracy,Electoral Democracy,95
MHL,2020,Marshall Islands,Oceania,1,1,1,1,0,0,0,0,0,0,1,1,0,0,0,0,1,1,1,3,10,1,3,1,3,1,2,1,3,1,1,0,0,0,0,0,0,1,1,1,2,0,0,0,0,0,0,1,1,0,0,1,1,0,0,0,0,0,0,0,0,0,0,1,1,0,0,0,0,1,1,0,0,0,0,0,0,1,5,0,0,1,2,0,0,1,2,1,2,0,0,0,0,0,0,0,0,0,0,0,NA,NA,Democracy,NA,90
MKD,2020,Macedonia,Europe,1,2,1,2,0,0,0,0,1,1,1,3,0,0,0,0,1,1,1,3,8,1,3,1,2,1,1,1,1,1,1,0,0,1,2,0,0,1,2,0,0,1,1,0,0,0,0,1,2,1,1,0,0,0,0,0,0,0,0,1,1,1,1,1,1,0,0,1,1,1,2,0,0,0,0,0,0,0,0,0,0,0,0,0,0,1,2,0,0,1,4,0,0,0,0,1,1,1,3,1,North Macedonia,2,Democracy,Electoral Democracy,100
MLI,2020,Mali,Africa,1,1,1,1,0,0,1,4,1,1,0,0,1,1,1,2,1,1,1,3,10,0,0,1,1,1,1,1,2,0,0,0,0,1,1,0,0,0,0,0,0,0,0,0,0,0,0,1,2,1,1,0,0,0,0,0,0,0,0,0,0,0,0,0,0,0,0,0,0,1,2,0,0,1,1,1,1,0,0,0,0,1,2,1,2,1,2,0,0,0,0,0,0,0,0,0,0,0,0,3,Mali,1,Autocracy,Electoral Autocracy,87
MLT,2020,Malta,Europe,1,3,1,3,0,0,0,0,1,2,1,2,0,0,0,0,1,1,1,3,7,0,0,1,2,0,0,1,3,0,0,0,0,1,2,0,0,1,2,0,0,1,1,1,3,0,0,0,0,1,2,0,0,0,0,0,0,0,0,0,0,0,0,1,1,0,0,1,1,1,2,1,2,0,0,0,0,0,0,0,0,1,2,1,2,1,2,0,0,0,0,0,0,0,0,0,0,1,2,3,Malta,2,Democracy,Electoral Democracy,100
MMR,2020,Myanmar,Asia,1,2,1,2,0,0,0,0,0,0,0,0,0,0,0,0,0,0,99,99,99,99,99,99,99,99,99,99,99,99,99,0,0,1,2,0,0,0,0,0,0,0,0,0,0,0,0,1,1,0,0,0,0,0,0,0,0,0,0,0,0,0,0,0,0,0,0,0,0,1,1,1,1,0,0,1,2,1,1,0,0,1,1,1,2,1,1,0,0,1,2,0,0,0,0,0,0,0,0,0,Burma/Myanmar,1,Autocracy,Electoral Autocracy,81
MNE,2020,Montenegro,Europe,1,1,1,2,0,0,0,0,1,1,1,3,0,0,0,0,1,1,1,3,10,1,3,1,2,0,0,1,3,1,1,1,2,1,2,1,2,1,1,0,0,1,1,0,0,0,0,1,2,1,2,0,0,0,0,0,0,0,0,1,1,1,1,1,1,0,0,1,1,1,2,0,0,1,1,0,0,1,5,0,0,1,1,0,0,1,1,1,2,1,1,0,0,1,1,1,1,1,1,0,Montenegro,1,Autocracy,Electoral Autocracy,100
MNG,2020,Mongolia,Asia,1,1,1,2,0,0,0,0,1,1,1,3,0,0,0,0,1,1,1,2,5,1,3,1,2,1,1,1,2,1,1,0,0,0,0,0,0,0,0,0,0,0,0,0,0,0,0,1,2,1,2,0,0,0,0,0,0,0,0,0,0,0,0,1,1,0,0,0,0,1,2,0,0,0,0,0,0,0,0,0,0,0,0,0,0,1,1,0,0,1,4,0,0,0,0,1,1,0,0,1,Mongolia,2,Democracy,Electoral Democracy,100
MOZ,2020,Mozambique,Africa,0,0,1,6,1,1,1,1,0,0,1,3,0,0,0,0,1,1,1,3,10,0,0,1,2,0,0,1,3,1,1,0,0,1,1,0,0,1,1,0,0,0,0,0,0,0,0,1,2,1,2,0,0,0,0,0,0,0,0,0,0,0,0,1,1,0,0,0,0,1,1,0,0,0,0,0,0,0,0,0,0,0,0,0,0,0,0,0,0,0,0,0,0,0,0,0,0,0,0,3,Mozambique,1,Autocracy,Electoral Autocracy,55
MRT,2020,Mauritania,Africa,1,1,1,4,0,0,0,0,1,1,0,0,0,0,1,1,1,1,1,3,10,0,0,1,2,0,0,1,3,1,1,0,0,1,6,0,0,0,0,0,0,1,1,0,0,0,0,0,0,0,0,0,0,0,0,0,0,0,0,0,0,0,0,1,1,0,0,0,0,1,1,0,0,1,2,0,0,1,2,1,1,1,2,1,2,1,2,0,0,0,0,0,0,0,0,0,0,0,0,2,Mauritania,1,Autocracy,Electoral Autocracy,66
MUS,2020,Mauritius,Africa,1,1,1,6,0,0,0,0,1,2,0,0,0,0,0,0,1,1,1,2,5,1,3,1,2,1,1,1,3,0,0,0,0,1,2,1,2,1,2,0,0,0,0,0,0,1,4,0,0,1,2,0,0,0,0,0,0,0,0,0,0,0,0,0,0,0,0,1,1,1,1,1,2,0,0,0,0,0,0,0,0,1,2,1,2,1,2,1,2,0,0,0,0,0,0,0,0,0,0,1,Mauritius,2,Democracy,Electoral Democracy,90
MWI,2020,Malawi,Africa,1,1,1,1,0,0,0,0,0,0,1,2,0,0,0,0,1,1,1,3,7,1,3,1,2,0,0,1,3,1,1,0,0,1,4,1,2,0,0,0,0,0,0,1,3,0,0,0,0,1,1,0,0,1,1,0,0,0,0,0,0,0,0,1,1,0,0,0,0,1,2,1,2,0,0,0,0,0,0,0,0,1,2,1,2,1,2,0,0,0,0,0,0,0,0,0,0,0,0,1,Malawi,2,Democracy,Electoral Democracy,67
MYS,2020,Malaysia,Asia,1,3,1,1,1,2,0,0,1,1,1,1,0,0,0,0,1,1,1,3,10,0,0,1,2,0,0,1,3,0,0,0,0,1,4,1,1,0,0,0,0,0,0,0,0,0,0,0,0,0,0,0,0,0,0,0,0,0,0,0,0,0,0,0,0,0,0,0,0,1,1,1,2,0,0,1,2,1,4,0,0,1,1,1,2,1,2,0,0,1,4,0,0,0,0,0,0,0,0,2,Malaysia,1,Autocracy,Electoral Autocracy,90
NAM,2020,Namibia,Africa,1,1,1,1,1,2,0,0,0,0,1,2,0,0,0,0,1,1,1,3,10,1,3,0,0,1,1,1,2,0,0,0,0,1,1,0,0,1,2,0,0,0,0,0,0,0,0,1,2,1,1,0,0,0,0,0,0,0,0,0,0,0,0,1,1,0,0,0,0,1,1,1,2,1,2,0,0,0,3,0,0,1,2,1,2,1,2,0,0,1,3,0,0,0,0,0,0,0,0,1,Namibia,2,Democracy,Electoral Democracy,64
NER,2020,Niger,Africa,1,1,1,1,0,0,1,1,1,1,0,0,1,1,0,0,1,1,1,3,10,0,0,0,0,0,0,1,3,0,0,0,0,1,2,0,0,0,0,0,0,0,0,0,0,0,0,1,2,1,2,0,0,0,0,0,0,0,0,0,0,0,0,1,1,0,0,0,0,0,0,0,0,1,1,1,1,0,0,0,0,1,2,1,2,0,0,0,0,1,3,1,1,0,0,0,0,0,0,3,Niger,2,Democracy,Electoral Democracy,28
NGA,2020,Nigeria,Africa,1,1,1,1,0,0,0,0,0,0,0,0,0,0,0,0,1,1,1,4,15,0,0,0,0,1,1,1,3,1,1,0,0,1,4,0,0,0,0,1,3,0,0,0,0,0,0,0,0,0,0,0,0,0,0,0,0,0,0,0,0,0,0,0,0,0,0,0,0,1,1,0,0,0,0,0,0,0,0,0,0,1,2,1,2,0,0,1,2,0,0,0,0,0,0,0,0,0,0,3,Nigeria,2,Democracy,Electoral Democracy,47
NIC,2020,Nicaragua,Americas,1,1,1,1,1,1,0,0,1,2,0,0,0,0,0,0,1,1,1,1,4,1,2,1,3,0,0,1,1,0,0,0,0,1,1,0,0,0,0,1,2,1,1,0,0,0,0,1,2,1,2,1,2,0,0,0,0,0,0,0,0,0,0,1,1,0,0,0,0,0,4,0,0,0,0,0,0,0,6,0,0,1,2,0,0,1,2,0,0,0,0,0,0,0,0,0,0,1,1,1,Nicaragua,1,Autocracy,Electoral Autocracy,84
NLD,2020,Netherlands,Europe,1,1,1,1,0,0,1,3,1,1,1,2,1,2,1,2,1,1,1,2,5,1,2,1,3,1,2,1,1,0,0,1,2,1,1,1,2,1,2,0,0,0,0,0,0,0,0,1,2,1,1,0,0,0,0,0,0,1,1,1,1,1,1,1,1,0,0,0,0,1,1,1,1,1,1,0,0,1,2,0,0,1,1,0,0,1,1,1,2,1,4,0,0,1,1,1,1,1,1,0,Netherlands,3,Democracy,Liberal Democracy,100
NOR,2020,Norway,Europe,1,1,1,1,0,0,0,0,1,1,1,1,0,0,0,0,1,1,1,3,7,0,0,1,3,1,2,1,2,0,0,1,2,1,2,1,2,1,2,0,0,0,0,0,0,0,0,1,2,1,1,1,2,1,1,0,0,0,0,0,0,1,1,0,0,0,0,0,0,1,2,1,2,0,0,0,0,0,0,0,0,1,1,0,0,1,1,0,0,0,0,0,0,1,2,0,0,1,1,3,Norway,3,Democracy,Liberal Democracy,100
NPL,2020,Nepal,Asia,1,4,1,4,0,0,0,0,1,1,0,0,0,0,0,0,0,0,99,99,99,99,99,99,99,99,99,99,99,99,99,0,0,1,3,1,1,0,0,0,0,0,0,0,0,0,0,0,0,1,2,0,0,0,0,0,0,0,0,0,0,0,0,1,1,0,0,0,0,0,0,0,0,0,0,0,0,1,1,1,1,0,0,0,0,1,1,0,0,0,0,0,0,0,0,0,0,1,1,0,Nepal,2,Democracy,Electoral Democracy,77
NRU,2020,Nauru,Oceania,1,1,1,1,0,0,0,0,0,0,1,1,0,0,1,2,0,0,99,99,99,99,99,99,99,99,99,99,99,99,99,0,0,1,2,0,0,1,2,0,0,1,1,0,0,0,0,1,1,1,2,0,0,1,1,0,0,0,0,0,0,0,0,0,0,0,0,0,0,1,1,1,2,0,0,0,0,0,0,0,0,0,0,1,2,1,2,0,0,0,0,0,0,0,0,0,0,0,0,1,NA,NA,Democracy,NA,83
NZL,2020,New Zealand,Oceania,1,1,1,6,0,0,0,0,1,2,1,1,0,0,0,0,1,1,1,2,5,0,0,1,2,1,1,1,1,0,0,0,0,0,0,0,0,0,0,0,0,0,0,0,0,0,0,0,0,1,2,1,1,0,0,0,0,0,0,0,0,1,1,1,1,1,3,0,0,1,1,0,0,0,0,0,0,0,0,0,0,1,1,0,0,1,2,0,0,0,0,0,0,0,0,0,0,0,0,3,New Zealand,3,Democracy,Liberal Democracy,100
OMN,2020,Oman,Asia,1,4,1,4,0,0,0,0,1,1,0,0,0,0,0,0,1,1,1,3,20,1,3,1,2,0,0,1,2,1,1,0,0,1,6,0,0,0,0,0,0,0,0,1,3,1,4,0,0,1,2,0,0,0,0,0,0,0,0,0,0,0,0,0,0,0,0,0,0,1,2,1,2,0,0,1,1,1,4,0,0,1,1,1,2,1,1,0,0,1,3,1,2,0,0,0,0,0,0,0,Oman,0,Autocracy,Closed Autocracy,100
PAK,2020,Pakistan,Asia,1,1,1,1,1,1,0,0,0,0,0,0,0,0,0,0,1,1,1,2,5,1,3,1,2,0,0,1,3,0,0,0,0,1,3,0,0,0,0,0,0,0,0,1,3,1,4,1,2,1,1,0,0,0,0,0,0,0,0,0,0,0,0,0,0,0,0,1,1,1,1,1,1,0,0,0,0,1,2,1,1,1,2,1,2,1,2,0,0,1,4,1,2,0,0,0,0,0,0,0,Pakistan,1,Autocracy,Electoral Autocracy,42
PAN,2020,Panama,Americas,0,0,1,6,1,1,0,0,1,1,0,0,0,0,0,0,1,1,1,2,5,1,1,1,2,1,1,1,3,0,0,0,0,1,1,0,0,1,2,0,0,0,0,0,0,0,0,0,0,0,0,1,2,0,0,0,0,0,0,0,0,0,0,0,0,0,0,0,0,1,1,0,0,1,2,1,2,0,3,0,0,0,0,0,0,0,0,0,0,0,0,0,0,0,0,0,0,0,0,3,Panama,2,Democracy,Electoral Democracy,100
PER,2020,Peru,Americas,0,0,1,6,1,1,0,0,1,1,0,0,0,0,0,0,1,1,1,1,2,0,0,0,0,0,0,1,3,1,1,1,2,1,2,0,0,0,0,0,0,0,0,0,0,0,0,0,0,1,2,0,0,0,0,0,0,0,0,0,0,0,0,1,1,0,0,0,0,1,1,0,0,0,0,0,0,0,0,0,0,0,0,0,0,0,0,0,0,0,0,0,0,0,0,0,0,0,0,3,Peru,2,Democracy,Electoral Democracy,89
PHL,2020,Philippines,Asia,1,1,1,1,0,0,0,0,0,0,0,0,0,0,1,2,1,1,1,3,10,0,0,1,2,1,1,1,2,1,1,1,3,1,5,0,0,0,0,0,0,0,0,1,1,1,3,1,2,1,2,0,0,0,0,0,0,1,1,0,0,0,0,1,1,1,3,0,0,1,1,1,2,1,1,1,1,0,3,0,0,1,1,0,0,1,1,0,0,0,0,0,0,0,0,0,0,0,0,3,Philippines,1,Autocracy,Electoral Autocracy,92
PLW,2020,Palau,Oceania,1,1,1,1,0,0,0,0,0,0,0,0,0,0,0,0,0,0,99,99,99,99,99,99,99,99,99,99,99,99,99,0,0,0,0,0,0,0,0,0,0,0,0,0,0,0,0,0,0,0,0,1,1,1,1,0,0,0,0,0,0,0,0,0,0,0,0,0,0,0,0,0,0,0,0,0,0,0,0,0,0,0,0,0,0,1,2,0,0,0,0,0,0,0,0,0,0,0,0,1,NA,NA,Democracy,NA,100
PNG,2020,Papua New Guinea,Oceania,1,1,1,1,0,0,0,0,1,1,0,0,0,0,0,0,1,1,1,3,8,1,3,1,2,1,1,1,3,1,1,0,0,1,2,1,1,1,1,1,3,0,0,0,0,0,0,1,1,1,2,0,0,0,0,0,0,0,0,0,0,0,0,1,1,0,0,0,0,1,1,0,0,1,1,1,1,1,2,1,1,0,0,0,0,1,2,0,0,1,1,0,0,0,0,0,0,0,0,0,Papua New Guinea,1,Autocracy,Electoral Autocracy,13
POL,2020,Poland,Europe,1,1,1,1,0,0,0,0,1,1,1,1,1,3,0,0,1,1,1,1,3,0,0,1,3,0,0,1,1,1,1,0,0,0,0,0,0,1,2,0,0,0,0,0,0,0,0,0,0,1,2,0,0,1,1,0,0,0,0,1,1,1,1,0,0,0,0,0,0,1,2,0,0,0,0,0,0,0,0,0,0,0,0,0,0,0,0,0,0,1,4,0,0,0,0,0,0,0,0,3,Poland,2,Democracy,Electoral Democracy,100
PRK,2020,North Korea,Asia,1,1,1,2,0,0,0,0,1,1,1,3,0,0,0,0,0,0,99,99,99,99,99,99,99,99,99,99,99,99,99,0,0,0,0,0,0,0,0,0,0,0,0,0,0,0,0,1,2,0,0,0,0,0,0,0,0,0,0,0,0,0,0,1,1,0,0,0,0,0,0,0,0,0,0,0,0,0,0,0,0,0,0,0,0,0,0,0,0,1,2,0,0,0,0,0,0,0,0,1,North Korea,0,Autocracy,Closed Autocracy,100
PRT,2020,Portugal,Europe,1,1,1,1,1,2,1,3,1,2,1,1,1,1,1,1,1,1,1,2,5,0,0,1,2,1,1,1,1,0,0,1,1,1,1,0,0,1,2,1,1,0,0,0,0,0,0,1,2,1,1,0,0,1,1,0,0,0,0,0,0,0,0,1,1,0,0,0,0,1,1,0,0,0,0,0,0,0,0,0,0,0,0,0,0,1,1,0,0,0,0,0,0,0,0,0,0,1,1,3,Portugal,3,Democracy,Liberal Democracy,100
PRY,2020,Paraguay,Americas,0,0,1,6,1,1,0,0,1,2,0,0,0,0,0,0,1,1,1,1,3,0,0,1,2,1,1,1,3,1,1,0,0,0,0,0,0,0,0,0,0,0,0,0,0,0,0,0,0,0,0,0,0,0,0,0,0,0,0,0,0,1,2,1,1,0,0,0,0,1,1,1,2,0,0,0,0,0,6,0,0,0,0,0,0,0,0,0,0,0,0,0,0,0,0,0,0,0,0,3,Paraguay,2,Democracy,Electoral Democracy,93
QAT,2020,Qatar,Asia,1,4,1,4,0,0,0,0,1,1,0,0,0,0,0,0,1,1,1,4,25,1,3,1,2,0,0,1,3,1,1,0,0,1,3,1,2,0,0,0,0,1,1,0,0,1,4,1,2,1,2,0,0,0,0,0,0,0,0,0,0,0,0,1,1,0,0,0,0,0,0,1,2,1,1,1,1,1,4,0,0,1,1,1,2,1,1,0,0,0,0,0,0,0,0,0,0,0,0,0,Qatar,0,Autocracy,Closed Autocracy,100
ROU,2020,Romania,Europe,1,1,1,1,0,0,0,0,1,1,0,0,0,0,1,2,1,1,1,3,8,0,0,1,2,1,1,1,3,1,1,0,0,1,2,0,0,1,1,0,0,1,1,0,0,0,0,1,2,1,1,1,2,0,0,0,0,0,0,1,1,0,0,1,1,0,0,1,1,1,2,0,0,1,1,0,0,0,0,0,0,1,1,0,0,1,1,0,0,1,4,0,0,0,0,1,1,1,1,3,Romania,2,Democracy,Electoral Democracy,100
RUS,2020,Russia,Europe,1,1,1,1,0,0,0,0,1,2,1,1,0,0,0,0,1,1,1,2,5,1,2,1,2,1,1,1,1,0,0,0,0,1,2,1,1,1,2,1,2,0,0,0,0,0,0,1,2,1,1,1,1,1,1,1,1,0,0,1,1,1,2,1,1,1,2,1,1,1,2,0,0,0,0,0,0,0,0,0,0,0,0,0,0,1,1,0,0,1,2,0,0,0,0,1,2,1,1,1,Russia,1,Autocracy,Electoral Autocracy,100
RWA,2020,Rwanda,Africa,1,1,1,1,0,0,0,0,1,1,1,1,0,0,1,1,1,1,1,2,5,0,0,0,0,1,1,1,2,1,1,0,0,1,1,0,0,1,2,0,0,0,0,0,0,0,0,0,0,1,2,0,0,1,1,0,0,0,0,0,0,0,0,1,1,0,0,0,0,1,1,0,0,0,0,0,0,0,0,0,0,1,2,0,0,1,1,0,0,1,3,1,1,0,0,0,0,0,0,3,Rwanda,1,Autocracy,Electoral Autocracy,56
SAU,2020,Saudi Arabia,Asia,1,4,1,4,0,0,0,0,1,1,0,0,0,0,0,0,1,1,1,2,5,1,3,1,2,0,0,1,2,1,1,0,0,1,3,0,0,0,0,0,0,0,0,0,0,1,3,1,2,1,2,0,0,0,0,0,0,0,0,0,0,0,0,0,0,0,0,0,0,0,0,0,0,1,1,1,1,1,4,0,0,1,2,1,2,1,1,0,0,1,4,1,2,0,0,0,0,0,0,0,Saudi Arabia,0,Autocracy,Closed Autocracy,90
SDN,2020,Sudan,Africa,1,4,1,1,0,0,0,0,1,1,0,0,0,0,0,0,1,1,1,3,10,0,0,0,0,0,0,1,2,1,1,0,0,1,2,0,0,0,0,0,0,0,0,0,0,0,0,1,2,1,1,0,0,0,0,0,0,0,0,0,0,0,0,0,0,0,0,0,0,1,1,0,0,0,0,0,0,1,2,1,1,1,2,1,2,1,1,0,0,1,1,0,0,0,0,0,0,1,1,2,Sudan,0,Autocracy,Closed Autocracy,67
SEN,2020,Senegal,Africa,1,1,1,1,0,0,1,1,1,1,0,0,0,0,0,0,1,1,1,2,5,0,0,0,0,0,0,1,2,1,1,0,0,1,1,0,0,1,2,0,0,0,0,0,0,0,0,1,2,0,0,0,0,0,0,1,1,0,0,0,0,0,0,1,1,1,3,0,0,1,2,0,0,0,0,0,0,0,0,0,0,1,2,1,2,0,0,1,2,0,0,0,0,0,0,0,0,1,1,3,Senegal,2,Democracy,Electoral Democracy,79
SGP,2020,Singapore,Asia,1,1,1,6,0,0,0,0,1,2,1,1,0,0,0,0,1,1,1,3,10,1,3,1,2,0,0,1,3,0,0,0,0,1,4,1,2,1,2,0,0,1,1,0,0,0,0,0,0,0,0,0,0,0,0,0,0,0,0,0,0,0,0,0,0,0,0,1,1,1,2,1,2,0,0,1,2,1,4,1,1,1,1,1,2,1,2,1,2,1,3,0,0,0,0,0,0,0,0,0,Singapore,1,Autocracy,Electoral Autocracy,100
SLB,2020,Solomon Islands,Oceania,1,1,1,1,0,0,0,0,0,0,0,0,0,0,0,0,1,1,1,2,5,0,0,1,2,1,1,1,3,0,0,0,0,1,1,0,0,0,0,1,1,0,0,0,0,0,0,1,1,1,1,0,0,0,0,0,0,0,0,0,0,0,0,0,0,0,0,0,0,1,2,0,0,1,1,0,0,0,0,0,0,0,0,1,2,1,2,0,0,0,0,0,0,0,0,0,0,0,0,3,Solomon Islands,2,Democracy,Electoral Democracy,80
SLE,2020,Sierra Leone,Africa,1,5,1,5,0,0,1,4,0,0,0,0,0,0,1,3,1,1,1,4,15,0,0,1,2,0,0,1,3,1,1,0,0,1,3,1,2,0,0,0,0,0,0,1,2,0,0,0,0,1,2,0,0,1,1,0,0,0,0,0,0,0,0,0,0,0,0,0,0,1,2,1,2,0,0,0,0,0,0,0,0,1,2,1,2,0,0,0,0,0,0,0,0,0,0,0,0,0,0,3,Sierra Leone,2,Democracy,Electoral Democracy,90
SLV,2020,El Salvador,Americas,0,0,1,1,1,1,0,0,0,0,0,0,0,0,0,0,1,1,1,2,5,0,0,0,0,0,0,1,3,0,0,0,0,1,2,0,0,0,0,0,0,0,0,0,0,0,0,0,0,1,1,1,2,0,0,0,0,0,0,1,1,1,1,1,1,0,0,0,0,1,3,1,2,0,0,0,0,0,0,0,0,1,2,1,2,0,0,0,0,0,0,0,0,0,0,0,0,0,0,3,El Salvador,2,Democracy,Electoral Democracy,99
SOM,2020,Somalia,Africa,1,4,1,4,0,0,0,0,1,1,0,0,0,0,0,0,1,1,1,3,7,1,3,0,0,0,0,1,3,0,0,0,0,1,3,0,0,0,0,0,0,0,0,0,0,1,3,1,2,1,1,0,0,1,1,0,0,0,0,0,0,0,0,1,1,0,0,0,0,1,1,0,0,1,1,1,1,0,0,0,0,1,2,0,0,1,2,0,0,0,0,1,2,0,0,0,0,0,0,1,Somalia,0,Autocracy,Closed Autocracy,0
SRB,2020,Serbia,Europe,1,1,1,2,0,0,0,0,1,1,1,1,0,0,1,1,1,1,1,1,3,1,3,0,0,0,0,0,0,0,0,0,0,1,2,0,0,1,2,0,0,1,1,0,0,1,2,1,2,1,1,0,0,1,1,0,0,0,0,1,1,0,0,1,1,0,0,0,0,1,3,0,0,0,0,0,0,0,0,0,0,0,0,0,0,1,1,0,0,1,2,0,0,0,0,0,0,0,0,1,Serbia,1,Autocracy,Electoral Autocracy,99
SSD,2020,South Sudan,Africa,1,1,1,1,0,0,0,0,1,2,0,0,0,0,0,0,1,1,1,3,10,0,0,0,0,0,0,1,1,0,0,0,0,1,2,0,0,0,0,0,0,0,0,0,0,0,0,0,0,0,0,0,0,1,1,0,0,1,1,0,0,0,0,1,1,0,0,0,0,1,2,0,0,0,0,1,1,0,0,0,0,1,2,1,2,1,2,0,0,0,0,0,0,0,0,0,0,0,0,3,South Sudan,0,Autocracy,Closed Autocracy,35
STP,2020,Sao Tome and Principe,Africa,1,1,1,6,1,2,0,0,1,2,1,1,0,0,0,0,1,1,1,2,5,0,0,1,2,1,1,1,1,1,1,0,0,1,1,0,0,1,1,0,0,0,0,0,0,0,0,1,2,1,2,0,0,0,0,0,0,0,0,0,0,0,0,1,1,0,0,0,0,1,1,0,0,1,1,1,1,0,0,0,0,1,2,0,0,0,0,0,0,0,0,0,0,0,0,0,0,0,0,3,Sao Tome and Principe,2,Democracy,Electoral Democracy,99
SUR,2020,Suriname,Americas,1,1,1,1,0,0,0,0,1,1,1,1,1,2,1,2,1,1,1,2,5,0,0,0,0,0,0,0,0,0,0,1,2,1,2,0,0,1,2,0,0,0,0,0,0,0,0,1,2,1,2,0,0,1,1,0,0,0,0,0,0,0,0,1,1,0,0,0,0,1,3,0,0,1,1,1,1,1,1,0,0,0,0,0,0,0,0,1,2,1,3,0,0,0,0,0,0,0,0,2,Suriname,2,Democracy,Electoral Democracy,98
SVK,2020,Slovakia,Europe,1,1,1,1,0,0,0,0,1,1,1,1,0,0,1,1,1,1,1,3,8,0,0,1,2,0,0,1,2,1,1,1,2,1,2,1,2,1,2,0,0,0,0,0,0,0,0,1,2,1,2,0,0,1,1,0,0,0,0,1,1,1,1,1,1,0,0,1,1,1,2,0,0,0,0,0,0,1,1,0,0,0,0,0,0,1,1,0,0,1,3,0,0,0,0,0,0,1,1,2,Slovakia,2,Democracy,Electoral Democracy,100
SVN,2020,Slovenia,Europe,1,1,1,2,0,0,0,0,1,1,1,3,0,0,1,2,1,1,1,3,10,1,3,1,1,0,0,1,3,1,1,1,3,1,2,0,0,1,2,0,0,1,1,0,0,0,0,1,2,0,0,0,0,0,0,0,0,0,0,1,1,1,1,1,1,0,0,1,1,1,3,0,0,0,0,0,0,0,0,0,0,1,1,0,0,1,2,1,2,1,4,0,0,0,0,0,0,1,1,1,Slovenia,2,Democracy,Electoral Democracy,100
SWE,2020,Sweden,Europe,1,1,1,1,0,0,0,0,1,1,1,2,1,2,0,0,1,1,1,2,5,0,0,0,0,0,0,1,3,0,0,1,2,1,1,1,2,1,2,0,0,0,0,0,0,0,0,1,2,1,1,1,2,0,0,0,0,0,0,1,1,1,1,1,1,0,0,0,0,1,2,1,1,0,0,0,0,0,0,0,0,0,0,0,0,0,0,0,0,1,4,0,0,0,0,0,0,1,1,3,Sweden,3,Democracy,Liberal Democracy,100
SWZ,2020,Swaziland,Africa,1,4,1,6,0,0,0,0,1,2,0,0,0,0,0,0,1,1,1,3,5,0,0,1,2,0,0,0,0,1,1,0,0,1,3,0,0,1,2,0,0,0,0,1,2,0,0,0,0,0,0,0,0,1,1,0,0,0,0,0,0,0,0,0,0,0,0,0,0,1,1,1,2,0,0,0,0,1,4,1,1,0,0,0,0,1,2,0,0,0,0,0,0,0,0,0,0,0,0,2,Eswatini,0,Autocracy,Closed Autocracy,54
SYC,2020,Seychelles,Africa,1,1,1,1,0,0,0,0,0,0,0,0,0,0,0,0,0,0,99,99,99,99,99,99,99,99,99,99,99,99,99,1,3,1,2,0,0,1,2,0,0,0,0,0,0,0,0,0,0,1,2,0,0,1,1,0,0,0,0,0,0,0,0,1,1,0,0,1,1,1,2,0,0,1,2,0,0,0,0,0,0,1,2,1,2,1,2,0,0,0,0,0,0,0,0,0,0,0,0,1,Seychelles,3,Democracy,Liberal Democracy,90
SYR,2020,Syria,Asia,1,4,1,4,0,0,0,0,1,1,1,1,0,0,0,0,1,1,1,2,5,0,0,1,2,0,0,1,2,1,1,0,0,1,3,1,1,0,0,0,0,0,0,0,0,1,4,1,2,1,1,1,2,0,0,0,0,0,0,0,0,0,0,1,1,0,0,0,0,1,2,1,1,1,1,1,1,0,0,0,0,1,2,0,0,1,1,0,0,1,3,1,2,0,0,0,0,0,0,3,Syria,0,Autocracy,Closed Autocracy,98
TCD,2020,Chad,Africa,1,1,1,1,1,1,0,0,1,1,1,1,0,0,0,0,1,1,1,4,15,0,0,0,0,0,0,1,1,1,1,0,0,1,1,0,0,1,2,0,0,0,0,0,0,0,0,1,2,1,2,0,0,0,0,1,1,0,0,0,0,0,0,1,1,0,0,0,0,1,3,0,0,1,2,1,2,0,0,0,0,1,2,0,0,1,2,0,0,1,2,1,1,0,0,0,0,1,3,3,Chad,1,Autocracy,Electoral Autocracy,26
TGO,2020,Togo,Africa,1,1,1,1,0,0,1,2,1,2,1,1,0,0,0,0,1,1,1,2,5,1,3,1,2,0,0,1,2,1,1,0,0,1,6,0,0,0,0,0,0,0,0,0,0,0,0,1,2,1,2,0,0,0,0,1,1,0,0,0,0,1,1,1,1,0,0,0,0,1,2,0,0,1,1,1,1,0,0,0,0,1,2,1,2,1,2,0,0,0,0,0,0,0,0,0,0,0,0,1,Togo,1,Autocracy,Electoral Autocracy,83
TJK,2020,Tajikistan,Asia,1,1,1,2,0,0,0,0,1,1,1,3,1,2,0,0,1,1,1,2,5,1,2,1,2,0,0,1,1,0,0,0,0,0,0,1,1,1,1,0,0,0,0,0,0,0,0,1,2,1,1,0,0,0,0,0,0,0,0,0,0,1,1,1,1,0,0,0,0,1,2,0,0,1,1,1,1,1,5,0,0,0,0,0,0,1,1,0,0,1,4,0,0,0,0,0,0,0,0,0,Tajikistan,1,Autocracy,Electoral Autocracy,90
TKM,2020,Turkmenistan,Asia,1,1,1,2,0,0,0,0,1,2,1,3,1,2,0,0,1,1,1,2,5,0,0,1,2,0,0,1,1,1,1,0,0,0,0,0,0,1,2,1,1,0,0,0,0,0,0,1,2,1,1,0,0,1,1,0,0,0,0,1,1,0,0,1,1,0,0,0,0,1,2,0,0,1,1,1,1,0,0,0,0,0,0,0,0,1,1,0,0,1,1,0,0,0,0,1,2,0,0,3,Turkmenistan,1,Autocracy,Electoral Autocracy,100
TLS,2020,East Timor,Asia,1,1,1,1,0,0,1,1,1,1,1,3,0,0,1,2,1,1,1,3,10,0,0,1,2,1,1,0,0,1,1,0,0,1,2,0,0,1,1,0,0,0,0,0,0,0,0,1,2,1,2,0,0,0,0,0,0,0,0,0,0,0,0,1,1,0,0,0,0,1,1,0,0,1,2,1,2,0,0,0,0,1,2,0,0,1,2,0,0,0,0,0,0,0,0,0,0,0,0,3,Timor-Leste,2,Democracy,Electoral Democracy,60
TON,2020,Tonga,Oceania,1,1,1,1,0,0,0,0,0,0,0,0,0,0,0,0,1,1,1,2,5,0,0,1,2,0,0,1,3,0,0,0,0,1,1,0,0,0,0,0,0,0,0,0,0,0,0,1,2,1,1,0,0,0,0,0,0,0,0,0,0,0,0,0,0,0,0,1,1,0,0,0,0,0,0,0,0,0,0,0,0,1,2,1,2,1,2,0,0,0,0,0,0,0,0,0,0,0,0,3,NA,NA,Democracy,NA,98
TTO,2020,Trinidad and Tobago,Americas,0,0,1,6,1,1,0,0,0,0,0,0,1,1,0,0,1,1,1,3,5,0,0,1,2,1,1,1,3,0,0,1,2,0,0,0,0,1,2,0,0,0,0,1,1,0,0,0,0,1,2,1,2,0,0,0,0,0,0,0,0,0,0,0,0,0,0,0,0,1,1,0,0,0,0,0,0,0,6,0,0,0,0,0,0,1,2,0,0,0,0,0,0,0,0,0,0,0,0,3,Trinidad and Tobago,3,Democracy,Liberal Democracy,97
TUN,2020,Tunisia,Africa,1,1,1,1,0,0,1,2,1,1,1,3,0,0,0,0,1,1,1,2,5,0,0,1,2,0,0,1,2,1,1,0,0,1,1,0,0,1,2,0,0,0,0,0,0,0,0,1,2,1,1,0,0,0,0,0,0,0,0,0,0,0,0,1,1,0,0,0,0,0,0,0,0,1,1,1,1,1,4,0,0,1,1,1,2,1,2,0,0,1,3,1,2,0,0,0,0,0,0,2,Tunisia,2,Democracy,Electoral Democracy,100
TUR,2020,Turkey,Asia,1,3,1,3,0,0,0,0,1,1,1,1,1,1,0,0,1,1,1,2,5,0,0,1,2,0,0,1,3,1,1,0,0,1,2,1,1,1,2,0,0,0,0,0,0,0,0,1,2,1,2,1,1,1,1,0,0,0,0,0,0,1,1,1,1,0,0,1,1,1,3,0,0,1,1,1,1,0,0,0,0,1,1,1,1,1,1,0,0,1,3,1,1,0,0,0,0,1,1,3,Turkey,1,Autocracy,Electoral Autocracy,98
TUV,2020,Tuvalu,Oceania,0,0,1,1,1,1,0,0,1,1,0,0,0,0,0,0,1,1,1,3,7,0,0,0,0,1,1,1,3,1,1,0,0,1,1,0,0,1,1,0,0,0,0,0,0,0,0,0,0,1,1,0,0,0,0,0,0,0,0,0,0,0,0,0,0,1,3,0,0,1,1,1,2,0,0,0,0,0,0,0,0,0,0,0,0,1,2,0,0,0,0,0,0,0,0,0,0,0,0,3,NA,NA,Democracy,NA,50
TWN,2020,Taiwan,Asia,1,1,1,1,0,0,0,0,1,1,1,3,0,0,1,2,1,1,1,2,5,1,2,1,2,1,1,1,2,1,1,0,0,1,2,1,1,1,1,1,2,0,0,1,1,0,0,1,2,1,2,0,0,0,0,0,0,1,1,0,0,0,0,1,1,0,0,1,1,1,3,0,0,0,0,0,0,0,0,0,0,0,0,0,0,1,1,1,1,1,3,0,0,0,0,0,0,0,0,1,Taiwan,3,Democracy,Liberal Democracy,NA
TZA,2020,Tanzania,Africa,0,0,1,6,1,1,0,0,0,0,0,0,0,0,0,0,1,1,1,3,7,1,3,1,2,0,0,1,3,1,1,0,0,1,3,1,2,0,0,0,0,0,0,1,2,0,0,0,0,1,2,0,0,0,0,0,0,0,0,0,0,0,0,0,0,0,0,0,0,1,2,1,2,0,0,0,0,1,1,1,1,1,2,1,2,1,2,0,0,0,0,0,0,0,0,0,0,0,0,0,Tanzania,1,Autocracy,Electoral Autocracy,26
UGA,2020,Uganda,Africa,1,5,1,5,1,3,0,0,1,2,0,0,0,0,0,0,1,1,1,3,10,0,0,1,3,0,0,1,3,0,0,0,0,1,1,0,0,1,2,0,0,0,0,1,3,0,0,0,0,1,2,0,0,0,0,0,0,1,1,0,0,0,0,0,0,0,0,0,0,1,2,0,0,1,1,0,0,1,5,0,0,1,2,1,2,1,2,1,2,0,0,0,0,0,0,0,0,0,0,2,Uganda,1,Autocracy,Electoral Autocracy,32
UKR,2020,Ukraine,Europe,1,1,1,1,0,0,0,0,1,2,1,1,1,1,1,1,1,1,1,2,5,1,3,1,2,1,1,1,1,1,1,1,2,1,1,1,2,1,2,0,0,0,0,1,2,0,0,0,0,1,2,0,0,1,1,0,0,0,0,1,1,1,1,1,1,1,2,0,0,1,2,0,0,1,1,0,0,1,4,0,0,0,0,0,0,1,2,0,0,1,4,0,0,0,0,1,1,0,0,0,Ukraine,2,Democracy,Electoral Democracy,100
URY,2020,Uruguay,Americas,0,0,1,6,1,1,0,0,0,0,0,0,0,0,0,0,0,0,99,99,99,99,99,99,99,99,99,99,99,99,99,0,0,0,0,0,0,0,0,0,0,0,0,0,0,0,0,0,0,0,0,0,0,0,0,0,0,0,0,0,0,0,0,0,0,0,0,0,0,0,0,0,0,0,0,0,0,0,0,0,0,0,0,0,0,0,0,0,0,0,0,0,0,0,0,0,0,0,0,1,Uruguay,3,Democracy,Liberal Democracy,100
USA,2020,United States of America,Americas,0,0,1,6,1,1,0,0,1,2,0,0,1,1,0,0,1,1,1,2,5,0,0,1,3,1,2,1,3,0,0,0,0,1,2,0,0,1,2,0,0,0,0,0,0,0,0,0,0,0,0,0,0,0,0,0,0,1,1,0,0,0,0,0,0,1,2,0,0,1,1,0,0,1,1,1,1,0,0,0,0,1,1,1,2,1,2,0,0,1,3,1,1,0,0,0,0,1,1,3,United States of America,3,Democracy,Liberal Democracy,100
UZB,2020,Uzbekistan,Asia,1,1,1,2,0,0,0,0,1,1,1,3,1,2,0,0,1,1,1,2,5,1,3,0,0,0,0,1,1,1,1,0,0,0,0,0,0,1,2,0,0,0,0,0,0,0,0,1,2,1,1,0,0,0,0,0,0,0,0,0,0,0,0,1,1,0,0,0,0,1,2,1,1,1,1,1,1,1,4,0,0,1,1,0,0,1,1,0,0,1,3,0,0,0,0,1,1,0,0,0,Uzbekistan,0,Autocracy,Closed Autocracy,100
VCT,2020,Saint Vincent and the Grenadines,Americas,0,0,1,6,1,1,0,0,0,0,0,0,1,1,0,0,1,1,1,3,7,1,3,1,2,1,1,1,3,0,0,0,0,1,1,1,1,1,1,0,0,0,0,1,1,1,1,0,0,1,2,1,2,0,0,0,0,0,0,1,1,1,1,1,1,1,1,1,1,1,1,1,2,0,0,1,2,0,0,0,0,1,2,0,0,1,2,0,0,0,0,0,0,0,0,0,0,0,0,1,NA,NA,Democracy,NA,100
VEN,2020,Venezuela,Americas,0,0,1,6,1,1,0,0,0,0,0,0,0,0,0,0,1,1,1,3,10,0,0,0,0,0,0,0,0,0,0,0,0,1,1,1,1,0,0,0,0,0,0,0,0,0,0,0,0,1,2,1,2,0,0,0,0,0,0,1,1,1,1,1,1,1,3,0,0,1,3,0,0,0,0,0,0,0,0,0,0,1,2,1,2,1,2,0,0,0,0,0,0,0,0,0,0,0,0,3,Venezuela,1,Autocracy,Electoral Autocracy,81
VNM,2020,Vietnam,Asia,1,2,1,2,0,0,0,0,1,1,1,3,0,0,0,0,1,1,1,2,5,1,3,1,2,1,1,0,0,1,1,0,0,1,1,1,1,1,2,1,2,0,0,0,0,0,0,1,2,1,2,0,0,0,0,0,0,0,0,0,0,1,1,1,1,1,1,0,0,1,2,0,0,0,0,0,0,0,0,0,0,1,1,0,0,1,2,0,0,1,4,0,0,0,0,0,0,1,1,1,Vietnam,0,Autocracy,Closed Autocracy,95
VUT,2020,Vanuatu,Oceania,1,1,1,1,0,0,0,0,0,0,0,0,0,0,0,0,1,1,1,3,10,1,3,1,3,1,2,1,2,1,1,0,0,1,2,0,0,1,2,0,0,0,0,0,0,1,1,1,1,1,1,0,0,0,0,0,0,0,0,0,0,0,0,1,1,1,3,1,1,1,1,0,0,1,1,1,1,1,5,1,1,0,0,1,2,1,2,0,0,0,0,0,0,0,0,0,0,0,0,0,Vanuatu,2,Democracy,Electoral Democracy,43
WSM,2020,Samoa,Oceania,1,1,1,6,0,0,0,0,0,0,1,1,0,0,0,0,1,1,1,2,5,0,0,0,0,1,1,1,3,1,1,0,0,1,2,0,0,0,0,1,3,0,0,0,0,0,0,0,0,0,0,0,0,0,0,0,0,0,0,0,0,0,0,0,0,0,0,1,1,1,2,1,2,0,0,0,0,0,0,0,0,1,2,1,2,1,2,0,0,0,0,0,0,0,0,0,0,0,0,3,NA,NA,Democracy,NA,67
XKX,2020,Kosovo,Europe,1,1,1,2,1,2,0,0,1,1,1,1,0,0,0,0,1,1,1,2,5,0,0,1,2,1,1,0,0,1,1,0,0,1,2,0,0,1,2,0,0,1,1,0,0,1,2,1,2,1,2,0,0,0,0,0,0,0,0,1,1,1,1,1,1,0,0,1,1,1,2,0,0,0,0,1,1,0,0,0,0,1,1,0,0,1,1,0,0,1,2,0,0,0,0,0,0,1,3,3,Kosovo,2,Democracy,Electoral Democracy,NA
YEM,2020,Yemen,Asia,1,1,1,1,0,0,1,2,1,1,0,0,0,0,1,1,0,0,99,99,99,99,99,99,99,99,99,99,99,99,99,0,0,1,3,0,0,0,0,0,0,0,0,0,0,1,3,1,2,1,2,0,0,1,1,0,0,0,0,0,0,0,0,1,1,0,0,0,0,0,0,1,2,1,2,1,2,1,4,0,0,1,2,1,2,1,1,0,0,0,0,0,0,0,0,0,0,0,0,0,Yemen,0,Autocracy,Closed Autocracy,31
ZAF,2020,South Africa,Africa,1,1,1,1,0,0,0,0,0,0,1,1,0,0,1,1,1,1,1,2,5,0,0,1,2,1,1,1,3,0,0,0,0,1,2,0,0,1,1,0,0,0,0,1,3,0,0,0,0,1,1,0,0,0,0,0,0,0,0,0,0,0,0,1,1,0,0,0,0,1,1,0,0,1,2,0,0,1,2,0,0,0,0,1,1,1,2,0,0,1,2,0,0,0,0,0,0,0,0,2,South Africa,2,Democracy,Electoral Democracy,98
ZMB,2020,Zambia,Africa,1,1,1,1,0,0,0,0,1,2,0,0,0,0,1,1,1,1,1,3,10,0,0,0,0,0,0,1,1,1,1,0,0,1,1,0,0,1,2,0,0,0,0,0,0,0,0,0,0,1,2,0,0,0,0,0,0,0,0,0,0,0,0,0,0,0,0,0,0,1,2,0,0,0,0,0,0,0,0,0,0,0,0,0,0,1,1,0,0,0,0,0,0,0,0,0,0,0,0,3,Zambia,1,Autocracy,Electoral Autocracy,14
ZWE,2020,Zimbabwe,Africa,1,1,1,1,0,0,0,0,1,2,0,0,0,0,0,0,1,1,1,3,10,1,3,0,0,0,0,1,3,0,0,0,0,1,1,0,0,1,2,1,3,0,0,0,0,0,0,0,0,0,0,0,0,0,0,0,0,0,0,0,0,0,0,0,0,0,0,0,0,1,2,1,2,0,0,0,0,0,0,0,0,1,2,1,2,1,1,0,0,1,1,0,0,0,0,0,0,1,1,1,Zimbabwe,1,Autocracy,Electoral Autocracy,49
